target_i,source_j,x_i,x_j,conductance_m^-3_s^-1,K_i_from_j_s^-1,K_j_from_i_s^-1,pair_balance_relative,relative_to_Hummer_i_from_j,relative_to_v033_i_from_j
0,1,-4.0,-3.5,6.4124462650938184e-06,5.293415332272239e-06,5.291089653464611e-06,0.0,0.0004266581768748168,0.0002068637124421624
0,2,-4.0,-3.0,4.03238239695225e-06,3.330157646091755e-06,3.3272320573612983e-06,0.0,0.0006259247616484664,0.00018629645168943831
0,3,-4.0,-2.5,2.484008877190453e-06,2.052329450469211e-06,2.0496255447412095e-06,0.0,0.0008165532718500401,0.00015705741358473801
0,4,-4.0,-2.0,1.4576106071019094e-06,1.2048314753221347e-06,1.2027154822332606e-06,0.0,0.0009959213828281133,0.00011653232503516797
0,5,-4.0,-1.5,8.008953461126126e-07,6.622948922795849e-07,6.608412615310085e-07,0.0,0.0011657198815326897,6.641750090397025e-05
0,6,-4.0,-1.0,4.093871971862903e-07,3.386887285029722e-07,3.377968833960382e-07,0.0,0.0013285761230759086,9.343175049858488e-06
0,7,-4.0,-0.5,1.9561372426503706e-07,1.6190365748264516e-07,1.6140638217406942e-07,0.0,0.0014860660035707074,-5.311258051321488e-05
0,8,-4.0,0.0,8.938265721447532e-08,7.401188255985992e-08,7.375214282279293e-08,-7.403499858530207e-17,0.0016391905612633817,-0.000119946970551843
0,9,-4.0,0.5,4.1428046061505623e-08,3.431891045489089e-08,3.4183445259027164e-08,0.0,0.001797144838365572,-0.00018198020448678687
0,10,-4.0,1.0,2.1857619344715116e-08,1.8114766950626184e-08,1.8035336092207868e-08,0.0,0.002001588210629235,-0.00019764752923445705
0,11,-4.0,1.5,1.485063887289909e-08,1.231305677303485e-08,1.2253679553693088e-08,0.0,0.0023157509106337404,-0.00010390191105580371
0,12,-4.0,2.0,1.300838788073827e-08,1.0790338638864115e-08,1.0733586478329996e-08,0.0,0.002727295920842421,8.687999890311104e-05
0,13,-4.0,2.5,1.3230522447962113e-08,1.097942110819247e-08,1.0916875953473492e-08,0.0,0.003168663917657799,0.00030726758981614033
0,14,-4.0,3.0,1.433262920636219e-08,1.1899238414535986e-08,1.1826255217690804e-08,-5.771311045888538e-17,0.0036067959947345685,0.0005242839639085783
0,15,-4.0,3.5,1.5876492427236044e-08,1.3186778564147504e-08,1.3100140155923606e-08,0.0,0.004034673553015677,0.0007309357670175487
0,16,-4.0,4.0,7.68173878105868e-09,6.38314250249878e-09,6.338418585482334e-09,0.0,0.00352119484591773,-6.042738268652315e-07
1,2,-3.5,-3.0,9.414209617249478e-06,7.774759200042487e-06,7.771343332799696e-06,0.0,0.00030680999312204804,8.70417377463184e-05
1,3,-3.5,-2.5,6.197956686470098e-06,5.120854904014043e-06,5.116356160598571e-06,6.833162847873244e-17,0.000502543434738767,6.296905736857816e-05
1,4,-3.5,-2.0,4.061652775306809e-06,3.357280114233559e-06,3.3528569576029957e-06,0.0,0.0006909042129101817,3.149076287445318e-05
1,5,-3.5,-1.5,2.6084960061193696e-06,2.157077812687953e-06,2.1532894284239514e-06,1.6236040715937722e-16,0.0008703183353810928,-8.960929136270224e-06
1,6,-3.5,-1.0,1.6493302758261807e-06,1.3645018159833467e-06,1.3615069521227982e-06,1.2839043817800615e-16,0.001049330242721469,-4.984502739180385e-05
1,7,-3.5,-0.5,1.0575082599640696e-06,8.752681119363196e-07,8.729633287954644e-07,0.0,0.001250765943858534,-6.836530140630348e-05
1,8,-3.5,0.0,7.24827741299936e-07,6.00182041315858e-07,5.98338624674183e-07,7.303743522350535e-17,0.0015131339831782054,-2.608716472440875e-05
1,9,-3.5,0.5,5.607674045085634e-07,4.645385957324472e-07,4.6290832767246727e-07,0.0,0.0018677904049595462,0.00010825030650862821
1,10,-3.5,1.0,4.986882446919168e-07,4.132939269891315e-07,4.11662553001916e-07,0.0,0.0023007756003301516,0.0003206543665661421
1,11,-3.5,1.5,4.959752518542911e-07,4.112261759490191e-07,4.094230024015146e-07,0.0,0.0027652425335651376,0.000564329321908863
1,12,-3.5,2.0,5.286512838893154e-07,4.3851139951649885e-07,4.363967658954198e-07,0.0,0.0032275739205651632,0.0008057183936691636
1,13,-3.5,2.5,5.845556844449061e-07,4.850967182854423e-07,4.825453336664003e-07,0.0,0.0036775835467968143,0.001034663641571898
1,14,-3.5,3.0,6.57389160253964e-07,5.457777659887539e-07,5.426686971398726e-07,0.0,0.004112701485443182,0.0012486106472830993
1,15,-3.5,3.5,3.515833861950785e-07,2.9201993335972543e-07,2.902288471699172e-07,0.0,0.0030796379145010544,-1.2569119898220293e-06
1,16,-3.5,4.0,1.5846344115858704e-08,1.3167523072324382e-08,1.3081011120507409e-08,0.0,0.002568570110640822,-0.000730345558270451
2,3,-3.0,-2.5,2.9754164944069427e-05,2.4583385973201694e-05,2.45725851711036e-05,0.0,-0.00016022165078433126,-0.00037988745257544476
2,4,-3.0,-2.0,2.3202131065590593e-05,1.917841271610518e-05,1.916156419889622e-05,0.0,0.00012514941329588858,-0.00031425942209273305
2,5,-3.0,-1.5,1.8565977715205207e-05,1.5353007444281072e-05,1.5332780118321672e-05,9.124571409569186e-17,0.0004416584915867272,-0.0002175911449658896
2,6,-3.0,-1.0,1.5308797266828402e-05,1.2665068953908951e-05,1.2642825816601456e-05,0.0,0.0007941511996927275,-8.50617171129775e-05
2,7,-3.0,-0.5,1.3183853085994023e-05,1.0911882805545062e-05,1.0887932948139312e-05,0.0,0.0011907570196825201,9.142577045762046e-05
2,8,-3.0,0.0,1.2034087087590157e-05,9.964633722005842e-06,9.938394522990222e-06,-7.038614072585375e-17,0.0016314774381269714,0.0003118437699878296
2,9,-3.0,0.5,1.1724000773721019e-05,9.712138779826884e-06,9.682308614605093e-06,0.0,0.002102858727965895,0.0005627302697535086
2,10,-3.0,1.0,1.2134266141195854e-05,1.0056420134234975e-05,1.0021127758210025e-05,0.0,0.0025846216966622926,0.000823821546650727
2,11,-3.0,1.5,1.317058447565563e-05,1.0920079315829521e-05,1.0876975018106482e-05,0.0,0.003060676541803753,0.0010790528163855395
2,12,-3.0,2.0,1.476561611982554e-05,1.2247943373544766e-05,1.219423769379057e-05,0.0,0.003523563729483259,0.0013209847346855597
2,13,-3.0,2.5,1.6862164013609855e-05,1.3993158639729149e-05,1.3925679385471498e-05,0.0,0.003968912511741696,0.001545265813781116
2,14,-3.0,3.0,1.000913218115418e-05,8.309783810864916e-06,8.266078159900356e-06,0.0,0.0026383257329294363,-1.8592144189755189e-06
2,15,-3.0,3.5,6.554625920234383e-07,5.444174837552569e-07,5.413161619304186e-07,0.0,0.0016100772427993792,-0.0012468770132421092
2,16,-3.0,4.0,1.4305034993627527e-08,1.18867719236571e-08,1.181386509812277e-08,5.782443824300412e-17,0.0025553459327731787,-0.000523940483667773
3,4,-2.5,-2.0,0.00029007292528900205,0.0002397684188247136,0.00023966307561175821,0.0,-7.29516487208981e-05,-0.00029263673758139763
3,5,-2.5,-1.5,0.00024569412874610473,0.00020317506815521914,0.00020299657576237535,0.0,0.0003323411845834734,-0.00010715895667101627
3,6,-2.5,-1.0,0.0002142019787745989,0.00017721070989178223,0.00017697723765187025,0.0,0.0007610885075448603,0.00010162796723278689
3,7,-2.5,-0.5,0.00019478990599289042,0.00016122180761826214,0.00016093866024162636,0.0,0.0012172412264248589,0.0003376560829395636
3,8,-2.5,0.0,0.00018708779265957763,0.00015491506037327383,0.00015457504609758663,0.0,0.001698953096533895,0.0005990631477019726
3,9,-2.5,0.5,0.00019087004001515495,0.00015811635919484347,0.00015770000177229836,0.0,0.0021955217773554914,0.0008751441783207969
3,10,-2.5,1.0,0.0002059355154653235,0.00017067155442129103,0.00017014734817094457,0.0,0.0026916026999241893,0.0011505684470514144
3,11,-2.5,1.5,0.000232066643885493,0.00019241258142128095,0.00019173732110669547,5.839928965731039e-17,0.003174980941791139,0.001413142870769546
3,12,-2.5,2.0,0.0002688682156670718,0.00022302372306799655,0.0002221433918274725,0.0,0.0036372363922361206,0.0016544723954192708
3,13,-2.5,2.5,0.00017769158343325454,0.0001474583282382565,0.0001468117417491075,0.0,0.002197400906538194,-2.2687421995515322e-06
3,14,-2.5,3.0,1.6802789453477257e-05,1.3950015371040512e-05,1.388274412465428e-05,0.0,0.0008735069880341229,-0.0015426686954330693
3,15,-2.5,3.5,5.828355676737356e-07,4.840945571225757e-07,4.815484402256571e-07,9.083103732788783e-17,0.0016040863320032628,-0.001033376867079161
3,16,-2.5,4.0,1.3204976344835201e-08,1.0972677951383293e-08,1.0910171092426691e-08,0.0,0.0025525546036795355,-0.00030708970463511065
4,5,-2.0,-1.5,0.002718096766752845,0.0022477114070893135,0.002246723865481717,0.0,0.00022980284704932075,1.0051081089423874e-05
4,6,-2.0,-1.0,0.002313383922006545,0.001913877777489653,0.0019121964056500454,0.0,0.0006601043921639071,0.00022045994796093815
4,7,-2.0,-0.5,0.002069754469608939,0.0017130741719671543,0.0017108172230796425,0.0,0.001124827362975811,0.0004651267118045421
4,8,-2.0,0.0,0.0019856492739605334,0.0016441851859114122,0.001641297567787891,0.0,0.0016243150883670232,0.0007443717496171676
4,9,-2.0,0.5,0.0020601357571014816,0.0017066123386055509,0.0017028665896768704,0.0,0.002143244851553705,0.0010428663619095335
4,10,-2.0,1.0,0.0022922896416983857,0.0018997628235638882,0.0018947602997787596,0.0,0.0026581012975168683,0.0013371134145963026
4,11,-2.0,1.5,0.002679541705394374,0.0022216787726516644,0.0022148550308071255,0.0,0.0031490490000973814,0.0016073107167366985
4,12,-2.0,2.0,0.0019736433165349937,0.0016371190598703784,0.0016313736859725494,0.0,0.0017569032150821506,-2.4454570671794684e-06
4,13,-2.0,2.5,0.00026786306611723497,0.00022228762422648864,0.00022141019800617776,0.0,0.0003246909964387257,-0.0016515300677309996
4,14,-2.0,3.0,1.471374941539873e-05,1.2215652114118092e-05,1.2162087960461458e-05,0.0,0.0008778101732442867,-0.0013189645599672728
4,15,-2.0,3.5,5.271051766125702e-07,4.3780572288635557e-07,4.3569448829049035e-07,0.0,0.0016131250045017254,-0.0008048377028906373
4,16,-2.0,4.0,1.2983286645514515e-08,1.0788464847757681e-08,1.0731722400639583e-08,-6.371118770906928e-17,0.0025531677908405825,-8.679621931373394e-05
5,6,-1.5,-1.0,0.01695365628902782,0.014025871672275004,0.014019709341784576,0.0,0.00045513178184442005,0.00023533037362932774
5,7,-1.5,-0.5,0.014630468937007972,0.012109203689504069,0.012098565556245668,0.0,0.0009202735457256583,0.0004805145348609763
5,8,-1.5,0.0,0.013850521542209187,0.011468703277807489,0.011453593428077785,6.262303808164452e-17,0.0014404620022514525,0.0007805529479050222
5,9,-1.5,0.5,0.01460756948948481,0.012100881333600749,0.012079629015779764,0.0,0.0019913165961689128,0.001111050304723582
5,10,-1.5,1.0,0.016887443119249893,0.013995673164247551,0.01396495481691636,0.0,0.002529039814605616,0.0014282370318470239
5,11,-1.5,1.5,0.013793653029495498,0.01143668190394601,0.011406566403030598,6.288122052466383e-17,0.0013168234663278877,-2.398121220936744e-06
5,12,-1.5,2.0,0.002669775760462314,0.0022145545481370124,0.0022077526836289225,-8.122046716745662e-17,-6.773424269612693e-05,-0.0016045296106547147
5,13,-1.5,2.5,0.0002312089120404502,0.0001918699748436725,0.00019119661793162528,5.861593757985323e-17,0.00034601134359513175,-0.0014108605304984367
5,14,-1.5,3.0,1.3124896052520525e-05,1.0896553943195434e-05,1.085354242533279e-05,0.0,0.0008997603517504338,-0.0010775980304519317
5,15,-1.5,3.5,4.945459736170694e-07,4.107625329566802e-07,4.0896138791892194e-07,0.0,0.001634660131827781,-0.0005637771474160669
5,16,-1.5,4.0,1.4821124039683496e-08,1.2315616228162323e-08,1.2256226480737149e-08,0.0,0.002524097402922365,0.00010393405452790994
6,7,-1.0,-0.5,0.06971010239973743,0.057696976960140964,0.0576716275151013,0.0,0.00064170593590962,0.0004218634141366362
6,8,-1.0,0.0,0.06454632637042194,0.05344655524768179,0.05339960154637724,0.0,0.0011912465324481758,0.0007513681928634774
6,9,-1.0,0.5,0.06962426497148466,0.05767660177592115,0.057600613644534,0.0,0.0017871910473084007,0.0011270531138869444
6,10,-1.0,1.0,0.061556212478742225,0.05101545716529524,0.05092586060134411,0.0,0.0008771447873718863,-2.1432277269584077e-06
6,11,-1.0,1.5,0.016831912960137037,0.01395578342795493,0.013925152613278697,0.0,-0.00032831606635708166,-0.0014259820796305167
6,12,-1.0,2.0,0.002284164016499981,0.0018946931372824346,0.001889703956932945,0.0,-1.7581139304501114e-05,-0.0013350454838044756
6,13,-1.0,2.5,0.00020519181374280715,0.00017027954412964885,0.00016975654093097115,-6.604808890210358e-17,0.0003885509176024815,-0.0011489466773136892
6,14,-1.0,3.0,1.209302557985799e-05,1.0039874223770259e-05,1.000463982641903e-05,0.0,0.000935061001855475,-0.0008228464850531525
6,15,-1.0,3.5,4.97274844288694e-07,4.13029092364675e-07,4.1139875864757843e-07,0.0,0.0016585112645524092,-0.0003203473299804305
6,16,-1.0,4.0,2.1808681468697172e-08,1.8121928585953962e-08,1.8042466026601804e-08,0.0,0.002397727448422593,0.00019761399713780214
7,8,-0.5,0.0,0.2088562621570832,0.17294009406735333,0.1728641119555116,6.644659664251203e-17,0.0009235018925031202,0.0007035973072562207
7,9,-0.5,0.5,0.184334468621518,0.15270230493081233,0.15256815329331105,0.0,0.0004378798659425698,-1.6677534676601269e-06
7,10,-0.5,1.0,0.06943708733133268,0.057546827717150154,0.057471010513826006,0.0,-0.00046685974285587406,-0.001125512765445258
7,11,-0.5,1.5,0.014562363553060984,0.012074040094371352,0.012052834890245704,5.956187914331294e-17,-0.00023122305967060441,-0.0011095379128335248
7,12,-0.5,2.0,0.0020531376065994265,0.001703058845608274,0.0016993208890252935,0.0,5.6591121065485694e-05,-0.00104149822523103
7,13,-0.5,2.5,0.00019020182510143537,0.00015784002041862617,0.00015742438962040043,0.0,0.0004439921732799501,-0.0008740811283021177
7,14,-0.5,3.0,1.1685116887271454e-05,9.701220183777772e-06,9.671423461056264e-06,0.0,0.0009762730641740269,-0.0005621287646108142
7,15,-0.5,3.5,5.591697779178244e-07,4.644381040056701e-07,4.628081824974248e-07,0.0,0.001651060460052589,-0.00010810562778518218
7,16,-0.5,4.0,4.131583174028299e-08,3.4331399325601976e-08,3.419588423983074e-08,0.0,0.00216170521789949,0.0001818512911955228
8,9,0.0,0.5,0.20847110283316278,0.17269704441145559,0.17262116903718297,6.65693595861135e-17,-0.0004831939580277611,-0.0007027896125777477
8,10,0.0,1.0,0.06439283625888548,0.05336634350353333,0.05331946021086858,0.0,-0.00031132544320844335,-0.0007505441622845943
8,11,0.0,1.5,0.013810708594632477,0.011450823123298605,0.011435736802070044,0.0,-0.00012082263109458591,-0.0007797040850052728
8,12,0.0,2.0,0.001979214820837034,0.0016417405716747675,0.0016388572397107231,0.0,0.00013507587041550195,-0.0007435613256314699
8,13,0.0,2.5,0.00018645375397082243,0.00015472966317851605,0.00015439005475772184,0.0,0.0005001530867192461,-0.000598423990654462
8,14,0.0,3.0,1.1994919275238258e-05,9.958424387049367e-06,9.932201440193504e-06,0.0,0.001007323503334101,-0.00031149279208686487
8,15,0.0,3.5,7.22639217895113e-07,6.002133904466302e-07,5.983698694442095e-07,0.0,0.0015654457220271034,2.6137429233186182e-05
8,16,0.0,4.0,8.909032443271972e-08,7.402962436709219e-08,7.376982106621048e-08,0.0,0.0018792991603231446,0.00011973114576502297
9,10,0.5,1.0,0.06955956960047986,0.057648336382215344,0.05762300826004393,0.0,-0.0002018701652581889,-0.000421527771389707
9,11,0.5,1.5,0.014590751059802667,0.012097576925691998,0.012086948980107745,0.0,-4.076930346841312e-05,-0.00048010717668400815
9,12,0.5,2.0,0.0020632922958339663,0.001711482067349329,0.0017092272089749307,0.0,0.00019439744537685932,-0.0004646921463411502
9,13,0.5,2.5,0.00019414589606791613,0.00016111302918996596,0.00016083007179357224,0.0,0.0005417070695221682,-0.0003372879249137206
9,14,0.5,3.0,1.3140959621573442e-05,1.0909890242851061e-05,1.0885944653884208e-05,0.0,0.0010079347343296963,-9.12005901777535e-05
9,15,0.5,3.5,1.053941091931632e-06,8.753878013456019e-07,8.730826914943589e-07,0.0,0.00138768297657621,6.836472075644195e-05
9,16,0.5,4.0,1.9486223211540573e-07,1.6192081394574664e-07,1.6142348314183877e-07,0.0,0.0015921905902862576,5.284023740226296e-05
10,11,1.0,1.5,0.016908488780728967,0.01401927446254677,0.014013115011275936,0.0,-1.5442345901006682e-05,-0.0002351410502090534
10,12,1.0,2.0,0.002306275669288766,0.0019130345508106444,0.0019113539134428517,0.0,0.00021922812171082384,-0.0002202242587654446
10,13,1.0,2.5,0.00021350072321537397,0.00017717473790661208,0.00017694131203596785,6.347766392527565e-17,0.0005579441092373738,-0.00010138546693150285
10,14,1.0,3.0,1.5257670540531171e-05,1.2667226424278896e-05,1.2644979386466625e-05,5.551522068878099e-17,0.0009646345768843378,8.52674880236215e-05
10,15,1.0,3.5,1.642983688831977e-06,1.3646378246599465e-06,1.3616426454085685e-06,0.0,0.0011491112712425089,4.982023426314264e-05
10,16,1.0,4.0,4.075843470704324e-07,3.386823014020707e-07,3.377904676379683e-07,0.0,0.0013095744874953574,-9.641672657045852e-06
11,12,1.5,2.0,0.0027096943216854455,0.002247666629166793,0.002246679102901768,0.0,0.00020987670685435056,-9.871636816871643e-06
11,13,1.5,2.5,0.00024488441474907553,0.00020321866524458342,0.00020304013365642822,0.0,0.0005469914311349022,0.00010739476424248551
11,14,1.5,3.0,1.8500747384056474e-05,1.535969435895751e-05,1.533945810904988e-05,9.156743018763168e-17,0.0008773951401466196,0.0002178546529918446
11,15,1.5,3.5,2.5971045464365666e-06,2.157116423464444e-06,2.1533279476708247e-06,0.0,0.0008882334888959953,8.932962974217418e-06
11,16,1.5,4.0,7.969270795446637e-07,6.622067292078244e-07,6.607532819553857e-07,-6.642961515831734e-17,0.0010324471562939141,-6.67164518676211e-05
12,13,2.0,2.5,0.00028909717872947977,0.00023990886822086518,0.00023980346270657718,0.0,0.0005127766587227356,0.0002929616219200515
12,14,2.0,3.0,2.311492475728553e-05,1.9190477661900824e-05,1.917361843986001e-05,0.0,0.0007543180465479082,0.00031463002076792534
12,15,2.0,3.5,4.041811632804125e-06,3.3570686500218518e-06,3.3526457415245558e-06,0.0,0.0006278739306517789,-3.1502552031326125e-05
12,16,2.0,4.0,1.4496059498654669e-06,1.2045503777448344e-06,1.202434862441459e-06,0.0,0.0007623803987557576,-0.0001168100981671083
13,14,2.5,3.0,2.9633202384918783e-05,2.4602083475920935e-05,2.4591274384514647e-05,0.0,0.000600231241866922,0.0003803968677911218
13,15,2.5,3.5,6.164582005154737e-06,5.1202101607184755e-06,5.115711949909024e-06,0.0,0.00037657475974794963,-6.294757732694389e-05
13,16,2.5,4.0,2.4690822220315087e-06,2.051684406722481e-06,2.0489813288220605e-06,0.0,0.0005019982869456374,-0.0001572956385689217
14,15,3.0,3.5,9.358952052267057e-06,7.773406429117976e-06,7.769991128403882e-06,0.0,0.00013276139131579434,-8.697043052763309e-05
14,16,3.0,4.0,4.006156353613098e-06,3.328916488993009e-06,3.32599196499061e-06,0.0,0.00025298927279404637,-0.00018647903310176073
15,16,3.5,4.0,6.36768013480054e-06,5.291225186019769e-06,5.28890044761316e-06,0.0,1.273246752764301e-05,-0.0002069730985475582
