sample,x_target,x_source,mu,pair_over_Hummer,relative_residual
0,3.582959227572253,1.7562158010770101,-0.5843630466128924,1.0000000059881455,5.9881455349852786e-09
1,0.9706738464782247,0.27739124975774754,0.7754466152745536,1.0000000061740564,6.17405637726165e-09
2,1.443384397250223,3.277337147253742,-0.7255811538681458,1.0000000051349351,5.134935143757957e-09
3,3.3176389853301282,2.8115530013300054,0.040229776856820054,0.9999999959969175,-4.003082532122448e-09
4,4.0,3.7948794794929457,0.1644330252366346,0.9999999948208853,-5.179114692666076e-09
5,0.019087919658330676,-2.6120032256041004,-0.7143291848961997,1.0000000164821212,1.6482121223404533e-08
6,-1.0793741069979013,0.4276580565338177,0.4386949587865021,1.0000000165260345,1.6526034540831347e-08
7,4.0,3.207455746282026,0.787140073216176,1.0000000105764357,1.0576435727216449e-08
8,4.0,1.7635500069286412,-0.7922113502218258,1.0000000097068467,9.706846659796042e-09
9,1.0526813433456188,0.9873619725062044,0.14796890376916916,0.9999999945745607,-5.425439320028147e-09
10,2.969692260464562,2.2810356197930304,0.46124385449765914,0.9999999993289074,-6.710926259145822e-10
11,3.316745289568808,0.8301007992440823,0.10559553502889396,1.0000000321007174,3.210071741754916e-08
12,-3.3952955722551517,-1.2181321917627228,-0.687099091828309,1.0000000098088404,9.808840406577701e-09
13,-2.113426814959012,-3.756384922808941,-0.23893060569154778,1.0000000063821708,6.382170791852104e-09
14,4.0,3.588612567298255,-0.5392574125951123,0.9999999951445835,-4.855416513294131e-09
15,-2.382772679297715,-2.027993230272423,0.32974616533937984,0.9999999955674389,-4.4325610959461414e-09
16,-1.3781431434559321,1.3217820726638578,-0.8499206019425832,1.000000015951892,1.5951892029519854e-08
17,3.5343309067058755,3.2292230928772803,-0.9695485166602387,0.9999999948041028,-5.195897156973217e-09
18,2.7291084746952947,2.5213499188459725,0.46954742314687015,0.999999994989361,-5.010639014813023e-09
19,-0.6224638543361591,-0.006694549187002075,0.9031929937254277,1.0000000158230975,1.5823097498923744e-08
20,-0.31370150777702843,-0.08851869900544518,-0.3196473389330037,0.9999999947560837,-5.2439163011896994e-09
21,-1.9520413975610231,-2.227795682638093,-0.18518934792082642,0.9999999948958642,-5.104135780698016e-09
22,-2.463229300055561,1.4230166213866706,-0.7525991725090335,1.000000041356784,4.1356783997414936e-08
23,-2.165794182457499,0.26346751953403835,0.28569709268337573,1.0000000394241246,3.942412463153744e-08
24,-3.331297339472104,-1.0156010092786394,-0.8263377982658019,1.000000010496506,1.049650610873698e-08
25,-2.7481739644883914,-2.682740081933094,-0.6964788139539606,0.9999999945610686,-5.438931416357207e-09
26,-0.5038112773099064,1.217971461418533,-0.8719672794005844,1.0000000031496452,3.1496452113088935e-09
27,0.5590529904349086,-2.6586392446957188,-0.19675329975193923,1.0000000415410701,4.154107013931707e-08
28,1.1004991100851784,1.5524719707439996,0.2738725965249371,0.9999999960755129,-3.924487068651672e-09
29,0.6162322478551281,1.3100153452468994,-0.5878005841470455,0.9999999961940322,-3.80596776317077e-09
30,-3.1738585732291043,-2.652985161552004,-0.1008276895854684,0.9999999958861132,-4.113886786782928e-09
31,-1.2910177413619284,-3.735228031934171,-0.7320340772317132,1.000000013283324,1.328332399630483e-08
32,2.7101353964009176,2.2376289838813657,0.9229621097674225,1.000000010289595,1.0289594953860615e-08
33,-3.6783524181899017,-1.5067785198988783,-0.08406916248976881,1.0000000181764839,1.8176483873588722e-08
34,-1.4327083938468812,-2.4906974101948647,0.43385873428019295,1.0000000052870768,5.287076776383515e-09
35,-0.8445242878964572,-3.4396094847957146,-0.6148460441789803,1.000000017200451,1.7200451063459354e-08
36,-1.7471320505167707,-2.124727232469205,0.835246240950742,0.9999999992481732,-7.518268230199965e-10
37,3.06499820674709,1.4994664922639993,-0.23616419068301042,1.00000000531704,5.317039919461308e-09
38,4.0,3.82116421126731,0.2118069130560214,0.9999999947677671,-5.232232869190057e-09
39,-3.428382179992586,-1.8753069432354676,-0.7078310215618019,1.0000000022191269,2.2191268822524535e-09
40,-3.1885808798450284,-3.1879371176382643,-0.07874021801508901,0.9999999945473637,-5.452636342440087e-09
41,1.96269102659747,1.7666636419787514,0.4258005439244186,0.9999999949108775,-5.089122456780615e-09
42,-1.3158177714213584,-0.20184641219005517,0.7965494059676181,1.0000000276791148,2.7679114777967584e-08
43,4.0,3.890643480872991,-0.27597434526414677,0.9999999945982749,-5.401725067244456e-09
44,-1.1173931964352048,-0.7848073353423235,-0.24484843458239947,0.9999999950300262,-4.969973765867053e-09
45,-1.898820211261579,-2.4812047553447627,0.41380122126205476,0.9999999976902546,-2.3097453949461055e-09
46,4.0,2.9151119378488097,-0.39070706688331647,0.9999999991445232,-8.554768005097912e-10
47,-4.0,-3.494960793276107,-0.7918172819884848,0.9999999953205958,-4.6794041974607126e-09
48,-4.0,-3.9448548864244266,0.1806725548873307,0.9999999945675194,-5.432480576494925e-09
49,1.329743188930308,1.5482824732921117,0.8148852602994716,0.9999999959487962,-4.051203816857196e-09
50,-0.1788056139823171,0.947742277745836,-0.5457616535025116,0.999999999007128,-9.928720068330676e-10
51,-4.0,-3.400459027404491,-0.5436978051178065,0.999999995812189,-4.187810986877594e-09
52,-1.7685788625547516,-1.9680509043473355,0.6902298570085241,0.9999999952450785,-4.754921456573413e-09
53,-1.2303599682054056,-2.000674357162773,0.7467818559987873,1.0000000072764264,7.276426350344423e-09
54,-2.3626405913431525,-2.959236113744499,0.6705998633090156,1.0000000004167264,4.167264311405461e-10
55,1.5479903636905772,1.162974394701604,0.16557724331412071,0.9999999955123584,-4.487641591666147e-09
56,0.3502695746249036,0.31986561002995284,-0.2546463541817442,0.9999999945513622,-5.448637763194597e-09
57,4.0,3.8055257294477496,0.051921786094239586,0.9999999947640488,-5.235951228144131e-09
58,-0.539414592784651,-0.6811241496213452,0.38443825033607726,0.9999999947245665,-5.275433534457363e-09
59,-3.1067088660502398,-3.5971892344621086,0.41064962249136205,0.9999999967646628,-3.235337220353074e-09
60,3.26503552421548,1.7374550584934338,0.6307583823639655,1.000000028875707,2.887570693665964e-08
61,-2.576917776131269,-2.9986481118121455,0.694763693858464,0.9999999977124682,-2.2875318306248005e-09
62,3.3915355458924363,2.462220493695069,-0.09494579403684278,0.9999999988317474,-1.168252605765474e-09
63,-1.8713392204434989,-0.9806326310377864,-0.21276462156259646,0.9999999981007934,-1.899206569788703e-09
64,-2.357716286407713,-0.43018586260960845,-0.7070239038116185,1.0000000063701047,6.370104665975873e-09
65,2.4900611878738528,1.1513766407740285,0.6041629588724751,1.0000000191394476,1.9139447582361413e-08
66,-0.21124648461240936,0.8525289665155107,-0.006222599397612605,1.0000000006562355,6.562355103767459e-10
67,-4.0,-1.7610950478545115,-0.6657271629541216,1.0000000108937859,1.0893785873378192e-08
68,-4.0,-3.148976247223544,-0.226121741498579,0.9999999977558797,-2.2441203340051175e-09
69,1.0351756990755367,-2.4516216218304674,-0.3641693651189921,1.0000000429579605,4.295796052211642e-08
70,1.0639791846888538,1.0114609524043479,0.9173911118657931,0.9999999947287208,-5.2712791909215184e-09
71,-3.8272781645831877,-3.2382548275841723,0.33570680371520645,0.9999999973843688,-2.6156311561109646e-09
72,-3.9221950352036137,-1.9379640668208964,0.42855949683241956,1.0000000319729634,3.197296338797173e-08
73,-0.06396158690000409,-0.4120762823445103,-0.03538638898095248,0.9999999951831299,-4.816870124990658e-09
74,-3.3910400754765346,-1.7777448779178515,0.539766991081897,1.0000000252662338,2.5266233771858992e-08
75,1.778601779524875,1.4292788880386524,0.2940824097581207,0.9999999954863374,-4.513662554828102e-09
76,-2.551871599351807,-2.4261114544539426,0.3870963341298257,0.9999999946875263,-5.3124736831833275e-09
77,3.4705223342798908,3.0003510151501285,0.4037488702313199,0.9999999965612589,-3.4387410696723464e-09
78,0.9180616412402176,-1.6964368375364405,0.2046176845001233,1.0000000412300867,4.123008667811234e-08
79,1.6675982421410467,0.4489560444460876,0.19381752155665288,1.0000000045536788,4.553678767393876e-09
80,-4.0,-2.5223446847101947,-0.3706694608411575,1.0000000032004035,3.200403497771731e-09
81,4.0,3.573008843251043,-0.029565119457973243,0.9999999955092799,-4.49072012909113e-09
82,3.3799615605310485,1.7831700700621242,0.550836219166061,1.0000000253825785,2.538257848350156e-08
83,-4.0,-3.9905390868446107,0.822521024921897,0.9999999945500984,-5.44990164108583e-09
84,-1.8488647945773948,-3.1001362218149495,-0.10191004172430929,1.000000002265492,2.2654920162068493e-09
85,-1.905662746938621,-0.9412516335188021,0.03722604586866085,0.9999999997948974,-2.0510260156925142e-10
86,4.0,2.2662541121274193,-0.7518080890983799,1.0000000038678702,3.86787024631019e-09
87,2.442938444412163,3.5446853319190845,0.34255555985288555,1.0000000045764135,4.57641347040294e-09
88,3.909587325903961,1.46019166941986,-0.35062301966244913,1.0000000186763482,1.86763482457053e-08
89,-4.0,-2.977375971946431,0.031556205931177805,1.0000000004129692,4.1296921438060963e-10
90,-4.0,-3.315309304275063,-0.7188981008278579,0.9999999960288348,-3.9711651744767096e-09
91,0.2853660199620838,-1.600227793215507,-0.7636157980445948,1.0000000054982041,5.498204114218197e-09
92,3.3092959774652666,3.479266924718779,0.8680734752360155,0.9999999957368819,-4.263118080771733e-09
93,0.885687936137407,-2.5277000968057646,-0.31951428108453184,1.0000000425110476,4.251104757102553e-08
94,0.4009273962909692,0.5120890533262159,-0.2726232192411382,0.9999999946001024,-5.399897640145923e-09
95,-4.0,-3.9035076722745714,-0.2997030721341478,0.9999999945862743,-5.413725689962234e-09
96,0.16324511367408556,0.32842906962179974,-0.8077934427951265,0.999999994629345,-5.370655031811111e-09
97,-2.0902357316270863,-3.193643891362682,0.7238376697978297,1.0000000184950295,1.8495029507903382e-08
98,3.074311466281875,3.989630097702987,-0.36488498507722256,0.9999999978816536,-2.118346387192105e-09
99,-1.7652909178832719,0.25288474550289664,-0.24650037412520598,1.0000000122966461,1.2296646145770751e-08
100,3.481763010583019,0.05197648178844272,-0.9799149845048165,1.0000000268206333,2.6820633269863947e-08
101,-0.5452107358049418,-3.6925473416571277,-0.15948560393695155,1.0000000409535987,4.095359873446114e-08
102,-0.4700256505199554,1.3278229600221687,-0.9758533639363646,1.0000000034333718,3.433371809080654e-09
103,0.7026124106555343,-0.5427589602360747,-0.5468271576698345,0.9999999999937822,-6.217804049413189e-12
104,-1.2036863815824894,-3.793731248213147,-0.8362942257915191,1.0000000143912873,1.4391287272985664e-08
105,-3.9674719770146094,-3.1141179191964437,-0.1732175329544392,0.9999999979189553,-2.081044669921539e-09
106,-4.0,-2.7264278765642276,-0.007662399289763533,1.0000000032908973,3.2908973324197177e-09
107,3.417177871158385,3.1566194321747494,-0.3670532168317172,0.9999999948171243,-5.182875684184296e-09
108,1.5033050359882796,2.144954358773628,-0.05969097801255485,0.9999999966577918,-3.342208176881911e-09
109,0.37589970045544874,-2.247265892326693,0.1649153299795736,1.0000000393059385,3.9305938503986226e-08
110,2.37038040185106,1.8569460984709991,-0.5604478001215039,0.9999999954650105,-4.534989495041941e-09
111,1.0230952649559883,-0.6550661366024544,0.52835751823643,1.0000000269820601,2.6982060141733655e-08
112,-2.213598091166885,-0.6469820788153697,0.5392446320123823,1.0000000234814652,2.3481465216690367e-08
113,-2.521269227533936,-1.1166209307944106,0.4996928564769141,1.0000000159690516,1.596905163658846e-08
114,-1.5923281485618324,-0.7568365694720844,0.4774762008190834,1.000000001803962,1.8039620908183451e-09
115,1.7202548158997486,1.6849079385300776,0.7255725323426205,0.9999999945720884,-5.427911564659382e-09
116,1.88346829213901,2.1398565641614393,-0.2203224877749883,0.999999994839959,-5.160040950080713e-09
117,-1.5360773846057083,-1.1164067028043032,-0.7600901796088506,0.999999995090909,-4.909091022575751e-09
118,4.0,3.6028103255521193,-0.13115630250904198,0.9999999953049401,-4.695059896420162e-09
119,2.073675054142843,0.5239597758163699,0.37179532160491635,1.0000000153136093,1.5313609269540507e-08
120,2.434515606423713,3.6002854941048072,0.7382789698619787,1.000000022753414,2.2753414041787323e-08
121,2.9035432619449786,1.5219244427339769,0.5817662168964146,1.0000000193394252,1.933942517240439e-08
122,-2.8113919198076145,-3.9021079214710985,0.04111515338969185,1.0000000012866226,1.286622586249564e-09
123,-0.9028736935164337,-0.008334414635152498,-0.9335291663252182,0.9999999967953952,-3.2046048037415176e-09
124,-3.321715752700373,-2.0014347294529466,0.23336366395951735,1.0000000068982609,6.898260851428972e-09
125,2.331717662072434,1.8336183825140626,0.45591367796153737,0.999999997024321,-2.9756790365098595e-09
126,-0.24863987395732268,-0.916521570789409,0.949550494084779,1.0000000425756927,4.257569274912498e-08
127,3.30464904867375,0.7277541774239982,-0.8390058321370082,1.0000000141613392,1.4161339212392932e-08
128,3.4567358422279373,1.1022147623490932,0.1380335070798131,1.000000029483118,2.948311794703784e-08
129,3.915843357020713,2.2842400492863586,0.3830990475425209,1.0000000179879758,1.7987975775568543e-08
130,-2.6492392179022337,-3.3067978524583115,-0.9169849831381963,0.9999999957725575,-4.2274425071653354e-09
131,-1.1775507011959085,2.6975841966591982,-0.7289450674849627,1.0000000417262558,4.172625578391376e-08
132,-2.4712233767403937,-0.07895654068122049,0.01718225256412187,1.0000000261775361,2.6177536138760615e-08
133,-3.669988492640308,-1.9735742563551195,-0.3081161324222387,1.000000006497497,6.497496984891882e-09
134,0.36379675730452,0.5676842605960015,0.9092779928102896,0.9999999970363548,-2.963645218123645e-09
135,3.1116009263136646,2.4881058352951255,-0.13598909968577544,0.9999999964062248,-3.59377516634396e-09
136,-0.6015252729929066,-2.0083047858251337,0.5460864687740754,1.000000018230225,1.8230225107274123e-08
137,-0.9690340032706244,-1.5995973879939482,-0.19353465004803216,0.99999999635694,-3.643059964808515e-09
138,-3.8056694177158192,-2.285610224910636,0.050676576703670984,1.0000000077682942,7.768294230103834e-09
139,1.6824132082263379,-1.082282423487837,-0.2889582512465868,1.0000000267588744,2.6758874449583914e-08
140,-3.430591994820718,-3.726742236167425,0.8748771778564921,0.9999999983548896,-1.6451103812542556e-09
141,2.6346437276966124,3.164957915565857,0.7488919129913827,1.0000000006309666,6.309666122916724e-10
142,-3.1034647688353254,-2.8835563487350733,0.4360676268946291,0.9999999950131737,-4.986826285247048e-09
143,0.04617243782090563,1.3212800939628115,-0.9548276068737681,0.999999999065302,-9.346979856772464e-10
144,-4.0,-1.8073856362554013,-0.5318236937206751,1.0000000115952676,1.1595267634945117e-08
145,2.8510014791180707,2.4135786430742776,0.5601286336415725,0.999999996910191,-3.0898089642406035e-09
146,-1.9888614701712661,-3.5048887405240086,0.5950578262692898,1.0000000253775614,2.537756138565328e-08
147,-1.0793283136948366,-0.6246908862145171,-0.15431644249259013,0.9999999955200183,-4.479981718930048e-09
148,-3.1068930304336595,-0.7648937130466065,0.1197540986142176,1.0000000283947228,2.8394722795255234e-08
149,2.073996880200022,3.454761659999667,0.537212530753352,1.0000000169249381,1.6924938117668376e-08
150,-1.5263609904392252,-0.327054457354512,0.26016320851190544,1.000000005107744,5.107744005528048e-09
151,1.1259813544626947,2.3490360403681922,-0.8336519061406686,0.9999999989786544,-1.0213455636787216e-09
152,0.035833520023119014,-0.3303198606502056,-0.7420904328827116,0.9999999949653904,-5.0346096180931e-09
153,1.9459601521841399,2.9492217728258474,0.24263223966910918,1.0000000017663557,1.7663557283498221e-09
154,-3.3790162560148143,-2.4009480709368427,0.32814965818789377,1.0000000022816615,2.281661526382095e-09
155,0.9453987932411323,-0.039420753207158654,-0.4697392911326359,0.9999999981318571,-1.8681428626265983e-09
156,-2.6398510243989337,-3.5102124902068486,0.1409061026304037,0.9999999993371198,-6.628801951791274e-10
157,-1.887645989523135,-1.2437142433936463,0.5253132899101634,0.9999999992922691,-7.077308739056321e-10
158,2.8842698472485493,1.3716885147637008,0.4377076324986273,1.000000016649314,1.664931392753033e-08
159,-1.501204547013804,1.5439229832674943,-0.2211294633520663,1.0000000357955208,3.5795520769710265e-08
160,3.1451183594748837,3.696535270620343,0.9063485631055439,1.0000000121833978,1.2183397846143862e-08
161,3.9121559768584326,2.594542841015789,-0.3418897233129684,1.0000000015750803,1.5750802884184623e-09
162,3.3131537084427842,2.8748463094419208,0.7045366876083199,0.9999999980792669,-1.92073312810237e-09
163,1.5527515915199044,1.3157333754383043,-0.035791708890895,0.9999999948419688,-5.158031224361537e-09
164,3.0030879639919457,0.007057091597697074,-0.7807300833400598,1.0000000219283947,2.192839465564589e-08
165,4.0,2.8357882957568723,0.05439481756699305,1.000000002333273,2.3332729082170545e-09
166,2.73797283990707,2.1557980014961426,0.9320189078818395,1.0000000216289437,2.1628943747131757e-08
167,-0.7955926860412066,-1.016519576724388,-0.6705648803703325,0.9999999947060642,-5.293935845251951e-09
168,-0.7605624385252328,-1.2942444112701024,0.4213411211858411,0.9999999972209684,-2.779031560429246e-09
169,1.8200486713456105,3.4214721561623653,0.40782954428989493,1.0000000180718922,1.807189220492944e-08
170,0.07954691781388101,-1.175541276398409,-0.4153704862240075,1.00000000059288,5.928799673426965e-10
171,4.0,3.992786492671618,-0.49977160548447885,0.9999999945475454,-5.452454598930956e-09
172,1.15001958240342,1.280853524209463,-0.6755678363244301,0.9999999946028527,-5.397147284647019e-09
173,-2.362723772156976,-1.2223981391311263,-0.6921346458621851,0.9999999987216076,-1.2783923919457152e-09
174,-4.0,-3.191127863419932,0.2920913749517624,0.9999999995677548,-4.32245239601059e-10
175,-1.365917079265846,-2.8509608956669608,-0.8271933310893897,1.0000000011035137,1.1035137248427418e-09
176,-1.2427294899698658,-0.37378914047458167,0.6149239283555779,1.000000005198317,5.1983171100999925e-09
177,-0.24118757790544398,2.821333109916666,-0.3360858082607543,1.0000000326784322,3.267843218246469e-08
178,-3.626329252537205,-2.3307160681985613,-0.6075010572527582,1.0000000002196003,2.1960033791401656e-10
179,-0.9536922648007553,-3.627678035333486,-0.40386648610435494,1.000000022213448,2.2213447969932076e-08
180,1.1686357823455267,1.1248202465438961,-0.1479656686502805,0.9999999945564438,-5.443556161388585e-09
181,0.4681337628157334,1.4798424595294115,0.4319102618553432,1.0000000043343573,4.334357317503645e-09
182,2.7894765611353023,0.09349144332250603,-0.3005083001379203,1.0000000249056458,2.4905645767958617e-08
183,-2.939661464064094,-1.2596073638337657,0.4484611391273321,1.0000000223461412,2.234614115970146e-08
184,-0.9841533945991818,-1.9103018018093882,0.18747907357864646,1.0000000002816827,2.8168267718342577e-10
185,0.9426294249862763,1.1288656673209587,0.6672744777285233,0.9999999951135966,-4.886403393022931e-09
186,-3.737339749246732,-3.76644403204846,0.4151834305602964,0.9999999945552324,-5.444767636753056e-09
187,3.158591248990996,3.8016240369178664,0.7503471714675802,1.000000003544098,3.5440979040402e-09
188,2.6596872239987994,-0.956744571167472,-0.4617083521390267,1.0000000431494767,4.314947665839952e-08
189,-0.7572889562874874,-1.452482878774509,0.4444591499796622,0.9999999992728967,-7.271032664846189e-10
190,-0.6733854605344423,-1.4457231901283762,0.5368847626162228,1.0000000015438588,1.5438588185645585e-09
191,-0.8225355569895774,0.3051919071824196,-0.13411113670660857,1.0000000006386334,6.386333684105239e-10
192,0.6071311942230326,2.7975460158551604,-0.1899439438463184,1.0000000164492493,1.6449249296002222e-08
193,-2.675897831813239,0.6046852234983815,-0.5389197493799678,1.0000000325349265,3.253492653065848e-08
194,-1.1558637365484028,1.7035117567270444,-0.3840747502776837,1.0000000266350317,2.6635031735722237e-08
195,-1.3232022236365508,-3.0791398304383595,0.4424035492270606,1.000000024584146,2.4584146052220035e-08
196,-0.9672435668863999,-0.5824804990929415,-0.6651441958525423,0.9999999950302965,-4.969703537582859e-09
197,-3.4798762569927386,-0.7818233563580614,-0.7377219650212611,1.0000000173023142,1.7302314248013317e-08
198,-3.2807784856650253,-2.7632396596528874,-0.6929567327964661,0.9999999954067601,-4.593239899541857e-09
199,0.7245716229807204,2.0461658286838835,0.8051534306059001,1.0000000432394973,4.323949731599441e-08
200,4.0,2.8462791137898398,-0.8481497092476092,0.9999999984595481,-1.5404518771688913e-09
201,-0.0855635961016663,-2.3536841132807957,-0.6249662697789168,1.0000000117439853,1.174398533976273e-08
202,3.3714687429549945,1.982896873325438,-0.0027367648566529734,1.0000000049922821,4.992282143234661e-09
203,-0.19457403676790763,-2.462384372634933,0.2839671971244577,1.0000000335627415,3.3562741474923996e-08
204,-0.42829091347339654,-0.8142662902530509,0.056696227759930995,0.9999999954052337,-4.594766345178414e-09
205,1.5671130385949223,3.957459434648767,-0.8986023276102236,1.000000010894549,1.089454904068532e-08
206,0.932804828391046,-1.4779269253914133,-0.5698007278346113,1.0000000146572,1.4657199898238105e-08
207,1.901097340158679,2.772079549355432,0.593750275799549,1.0000000046906967,4.690696719933385e-09
208,-4.0,-3.322137535130837,0.02183541859743454,0.9999999970990392,-2.9009608049079816e-09
209,0.136289584114909,1.082368549573058,-0.7655980213899298,0.9999999973010724,-2.6989276369349113e-09
210,-0.01051002733335582,0.8208637409319612,0.6265528867820243,1.0000000046008983,4.6008983289880234e-09
211,0.44010087862893155,2.417362059940814,0.3160900203905883,1.0000000255989956,2.5598995589959372e-08
212,-1.5973220146959717,-1.1691348268377713,0.1862939897481244,0.9999999957712847,-4.228715266840766e-09
213,-3.4924726346797583,0.3138572031907083,-0.694864313551468,1.0000000409810597,4.098105965688603e-08
214,-2.3448580962512455,-1.850525464966597,0.07470112960370812,0.9999999959818968,-4.018103183511812e-09
215,4.0,3.420388349916398,-0.7263974851089403,0.9999999956043926,-4.3956074335937956e-09
216,0.7467776670374833,3.2458466170117317,0.1920437135280315,1.0000000365352413,3.653524127678054e-08
217,-4.0,-3.6174601120477003,-0.6123204174694077,0.9999999950403727,-4.959627264433664e-09
218,-2.6754112884057113,-3.647724494887507,-0.4515257535380651,0.9999999980852395,-1.914760461296794e-09
219,-0.07555378384191425,2.4120421854273584,0.0802890687149529,1.0000000310953654,3.1095365393696284e-08
220,4.0,3.3522203457929427,0.0867446214396479,0.9999999970432065,-2.956793476727171e-09
221,0.8003817091901901,1.9841061250351837,0.8431094760566165,1.0000000430605525,4.306055245706375e-08
222,0.8729439066328286,0.3155398987410587,-0.26789949498358245,0.9999999958784591,-4.121540886359298e-09
223,1.4167535418232382,2.4297636282895354,0.8645508595880771,1.000000035700845,3.570084494697312e-08
224,-4.0,-3.1012805472128537,-0.629860878624946,0.9999999972392254,-2.7607746089231e-09
225,4.0,2.5094048204083377,-0.7106037511301907,1.0000000016028185,1.602818544554907e-09
226,-3.707039371613396,0.1623775738250206,-0.7265754460269573,1.0000000416516919,4.16516918733123e-08
227,-2.500695205880605,-2.1228092719357594,0.7601018957344403,0.9999999977806874,-2.2193126225644733e-09
228,-2.9648036982824575,-0.8601436175978048,-0.2501917353682631,1.0000000137934566,1.379345659913156e-08
229,3.6321906985473067,0.4516273573921499,-0.19491966688093365,1.0000000405332685,4.053326851938266e-08
230,-0.5940948194766476,-0.9653994349462351,-0.7913624143325813,0.9999999949654134,-5.03458663647649e-09
231,1.5544837811745,0.017317255595711956,-0.312682435443711,1.0000000043250785,4.325078517553038e-09
232,0.20976732178792323,-2.293346428139059,-0.05039247906892963,1.0000000269488467,2.694884670972897e-08
233,-3.160775905693326,-2.6134620556718744,0.44657864833606875,0.9999999974875287,-2.512471342086542e-09
234,2.237307156820467,-0.5279179781755534,-0.2702049597644407,1.0000000272469667,2.724696668288118e-08
235,0.9843531897192879,2.10373779924634,-0.8721502230434184,0.9999999981829404,-1.817059613884453e-09
236,0.80070412252386,3.499169783430756,-0.003228366070029298,1.0000000339739583,3.397395831328254e-08
237,4.0,3.702363706269227,-0.611653949537396,0.9999999948459357,-5.1540642864722486e-09
238,4.0,0.8218630937093643,-0.9222948377354019,1.0000000230891073,2.3089107292761923e-08
239,4.0,3.1743077375168145,-0.906768289852733,0.9999999964895618,-3.5104381623796144e-09
240,4.0,1.7820854615479664,-0.29324469362028993,1.0000000152089767,1.520897674467392e-08
241,3.821038685770036,0.6066810151857682,-0.4510123640918663,1.0000000332261283,3.322612829315119e-08
242,2.6417926822157627,1.6428596252892387,0.8633742358427547,1.0000000342204027,3.4220402733708966e-08
243,-1.1800185344624294,-0.3784046622669317,-0.21008921860131724,0.9999999974318444,-2.5681555770873388e-09
244,-3.2083139549244053,-3.878637574939173,0.11435861529175684,0.9999999973032807,-2.6967192923166294e-09
245,3.088533732438195,0.7722170839526816,0.3410578605041712,1.000000038776033,3.877603305113553e-08
246,-3.7185879392347583,-3.401287598464271,-0.8519089743075363,0.9999999948426692,-5.157330784655301e-09
247,2.4720116345045757,1.9641103495787586,0.26240324452226216,0.9999999964471038,-3.5528961994657493e-09
248,1.5294551491652073,2.2831295557577542,0.23780889185687593,0.9999999985955303,-1.4044696516890554e-09
249,-1.1964961646512786,-3.130946285883736,0.3790940635658113,1.0000000272847966,2.7284796644266862e-08
250,-1.9941866944788127,0.821283459964957,0.1000316276272113,1.000000042391633,4.239163309271987e-08
251,-0.8094459357968726,-2.6556240500817294,0.5114265387898338,1.0000000324415517,3.244155166726159e-08
252,-0.8791662219030845,-3.5523036782397712,0.020377771133613054,1.0000000341696247,3.416962468527629e-08
253,2.2938300950674027,0.8029222440318824,-0.47784085808021204,1.0000000027174938,2.7174937855534154e-09
254,3.9264250474074855,2.8427628420929,0.3430505032116913,1.0000000042571808,4.257180830080642e-09
255,-3.863408746551568,-0.6553524500074754,-0.918091126776665,1.0000000236927622,2.3692762196603212e-08
256,-4.0,-1.3198825401870264,-0.3847918270197743,1.0000000227233088,2.2723308790162378e-08
257,4.0,3.4473760144370633,-0.6841459068205104,0.9999999955323546,-4.4676453647696235e-09
258,2.2641551235425146,1.2552097604687704,0.5127240502016972,1.000000005895261,5.895260946076064e-09
259,0.8809669202317099,2.9647046281593985,0.16982300903266667,1.000000022957329,2.295732892676483e-08
260,4.0,2.026670649280504,-0.6067880217046921,1.0000000077116038,7.711603799975819e-09
261,-4.0,-1.8830485469461653,-0.6156877512919059,1.0000000096141135,9.614113505307387e-09
262,-2.6791430655706407,0.36772401908837704,-0.8250863466612807,1.0000000221772432,2.217724315300984e-08
263,3.3512926883436904,3.2623894231719683,0.22842174099694312,0.9999999946030029,-5.3969970714717874e-09
264,-0.4259776418995642,-2.3812078403473658,0.05278025869354397,1.0000000164703817,1.6470381725142147e-08
265,-2.0556288048253646,-2.5502620891002534,0.055704707323946945,0.999999995954749,-4.045251023043761e-09
266,1.907083357102421,1.7246374311975767,0.6956290786319927,0.9999999951414068,-4.858593194434491e-09
267,1.4918864207856533,1.730630648296751,0.8082184129380425,0.9999999961617725,-3.838227513597303e-09
268,-2.53037092592914,-1.1459892158172673,0.3024179256683046,1.0000000094708954,9.470895401264556e-09
269,2.0261596539960838,-1.4406828969482675,-0.6274695046115463,1.0000000346627251,3.466272513463764e-08
270,2.4440842120194897,0.38676838802108904,-0.24843012761962147,1.000000012963263,1.2963262907561557e-08
271,-2.727764273428435,-3.9294228772907793,-0.8203111124831979,0.9999999988563189,-1.1436811497844701e-09
272,4.0,2.384568243249241,-0.8161505377881891,1.0000000023525006,2.3525006387359326e-09
273,0.8657345785351356,1.9096436882036656,-0.6222803030295896,0.9999999981962012,-1.8037987770114228e-09
274,2.238142602191159,-1.803441279133306,-0.9143191445883029,1.0000000408967682,4.0896768194187416e-08
275,0.7207426349223081,0.6879737209259496,-0.4275101959053933,0.9999999945514475,-5.448552498066306e-09
276,0.865161923950901,1.738843711107208,0.8356474876796989,1.0000000197755188,1.9775518778075707e-08
277,-1.4527067570386527,-0.8750123781155681,0.2318589513545175,0.9999999969073523,-3.0926476934922675e-09
278,-4.0,-3.585686743010937,-0.42545237120936497,0.9999999952014825,-4.798517472259789e-09
279,1.278302066168207,1.5030736901379527,0.43441890611953915,0.9999999950325872,-4.96741281441615e-09
280,-4.0,-2.0725582472015143,-0.8590381559516421,1.0000000054023548,5.4023547857440235e-09
281,0.024938105036316993,0.874235137651211,0.7555881384476513,1.000000010578052,1.0578051989895698e-08
282,-1.1558217617668696,1.2326013059264165,-0.2991996576929058,1.0000000183981064,1.839810637171979e-08
283,0.7932628299667552,-0.5487970986069293,0.2892341036780375,1.000000008312244,8.31224400421604e-09
284,4.0,3.102650228796663,-0.8358633940222913,0.9999999969298908,-3.0701091668916547e-09
285,-3.1072259513343936,-2.671368744677725,0.061586122312655256,0.9999999956469947,-4.353005289559064e-09
286,4.0,3.5462311548346044,-0.09863338868443638,0.9999999955654146,-4.4345853655869405e-09
287,-1.4484816308051833,-0.05727580589901127,0.36881668467688744,1.0000000112038185,1.1203818539584631e-08
288,3.9598618462753743,1.4577586816617254,0.031008450707526558,1.0000000296424025,2.964240253255923e-08
289,0.9420759056885917,3.355442539145913,-0.6069535850466564,1.0000000142352246,1.4235224554681736e-08
290,-2.748049420275805,-2.490009197598738,-0.8525397798307142,0.9999999947425958,-5.2574041786712655e-09
291,1.9112174780061815,2.8289891868859316,0.5773035268066085,1.0000000053715667,5.3715667469589334e-09
292,4.0,2.5814923205340383,-0.44672468678567734,1.0000000021023328,2.1023327523295166e-09
293,-3.116233407718983,-2.048357214936342,0.4736390462759985,1.0000000063156549,6.315654887956157e-09
294,4.0,2.4835982355014004,-0.3750994068452054,1.000000003630785,3.6307850059813518e-09
295,4.0,3.6167051593563917,0.22097677349455624,0.9999999955717609,-4.428239108733578e-09
296,-4.0,-2.6232777022228975,0.13823516860715301,1.0000000064943715,6.494371485032957e-09
297,4.0,2.2969874660877503,-0.413011398034261,1.0000000056966016,5.696601634852527e-09
298,4.0,2.493360437440506,0.06422459096107658,1.000000007723936,7.72393593528875e-09
299,-0.4605101206036988,2.1196148649034425,0.06931031330810034,1.0000000334010206,3.340102061599737e-08
300,4.0,2.3602705402239117,-0.43666799344228135,1.0000000047132038,4.713203827222401e-09
301,1.3216497081489589,3.6218824925279964,-0.9000646519424834,1.0000000096735828,9.673582823666038e-09
302,3.5990573978416975,1.7763901291262725,-0.23855091511217552,1.0000000091172512,9.117251176249397e-09
303,-1.1782730909485242,0.1493607536104813,0.23557258598415265,1.0000000070723023,7.072302299349076e-09
304,-1.0749075836299218,-3.908864322942768,-0.9591751025772668,1.0000000168147103,1.681471029080228e-08
305,-3.940068425466165,-2.691920415905246,-0.1841535235017785,1.0000000016936321,1.6936321234339857e-09
306,4.0,2.831696526251693,-0.0795203409042885,1.0000000014154438,1.4154437621982652e-09
307,4.0,3.9993648585028536,-0.9454966490504382,0.999999994547361,-5.452639006975346e-09
308,1.2901258626283494,1.4023897869337478,-0.37772103910321164,0.9999999945970526,-5.402947422794568e-09
309,-0.2984695574727789,1.5343368301303277,-0.6194255025777093,1.0000000058148588,5.814858816677315e-09
310,4.0,1.584287190133229,-0.9765672204228016,1.0000000105847768,1.0584776832800458e-08
311,-2.4534193268778863,-1.0061515069375542,-0.5430557644498042,1.0000000019208217,1.920821723899735e-09
312,2.43291068597426,1.5285861341355131,-0.26692502140710583,0.9999999980536924,-1.94630755956382e-09
313,-3.494086329966193,-3.083317894899481,-0.41572008474236544,0.9999999951947587,-4.805241315963826e-09
314,-3.949295088922563,-3.9196439869862667,0.2912646923502269,0.9999999945540999,-5.445900064238174e-09
315,-2.630670848525662,-3.2332575714520244,-0.053455753797825856,0.9999999964196721,-3.580327923025095e-09
316,3.323979146421461,1.5290467643793413,0.025013454715817396,1.0000000124968844,1.249688441617991e-08
317,3.654867673755743,3.7307424009356387,0.3227702287596157,0.9999999945935371,-5.406462944002044e-09
318,-1.032466342227426,-1.072957310051173,0.7175027705370232,0.999999994578886,-5.42111400214651e-09
319,-3.5260588685333047,-3.6681275588916513,0.8352403345385919,0.9999999952127878,-4.7872121822223335e-09
320,3.1404334215722507,2.3684539304115724,-0.0885673419132923,0.9999999975211575,-2.478842464626041e-09
321,-3.344219566197899,-2.3156722182325167,0.5174794785413823,1.000000006456712,6.456712053903857e-09
322,0.30334692103906447,0.45614458478293773,0.2167709424529658,0.9999999947092811,-5.2907188630157975e-09
323,1.8693065073817088,2.6828562270980747,0.4923126704710179,1.0000000016288901,1.6288901338867845e-09
324,-1.704414505277931,-0.9229006218758355,0.6876785292639636,1.000000005169865,5.169864980558714e-09
325,2.287394053210469,2.895277391024975,0.7142774514296009,1.0000000015724373,1.5724372914860396e-09
326,-1.7182308050754016,0.008207514913173064,0.10455702479348594,1.0000000126282405,1.2628240453338435e-08
327,-2.7939565704218663,-1.8250748818810694,0.8589792100375699,1.0000000307061325,3.0706132525537555e-08
328,3.6877670606864914,1.1533637437926139,-0.03125370932566596,1.000000028380421,2.8380420902252013e-08
329,4.0,3.979655367857549,-0.7904198914095527,0.9999999945486155,-5.45138445495752e-09
330,-1.25922342608194,-0.22324325991708882,-0.1496077631070436,0.999999999618536,-3.814639715216117e-10
331,-0.14695139049705475,-2.26364933342197,-0.1341599328125319,1.0000000160058315,1.6005831549037453e-08
332,-1.3997883179848083,1.3886901161307659,-0.24060526781674763,1.0000000285925954,2.859259540244352e-08
333,0.46189011397830715,-2.0549080398810666,-0.3736771017632132,1.0000000195950334,1.9595033373676074e-08
334,-0.06109519497096594,2.676674208981794,-0.18938155183086014,1.0000000287790118,2.8779011840285307e-08
335,-3.7505491600151846,-1.1514294852192286,0.11315872269569893,1.000000035924645,3.592464503654469e-08
336,-1.0338434856994296,-1.9064311820340238,0.7434046725776515,1.0000000106658677,1.0665867744563684e-08
337,-2.2780367422076395,-2.9114550500743057,-0.11361375867762291,0.9999999965044103,-3.49558970658137e-09
338,-1.7581312648472052,-2.7717028367803342,-0.3857191423315003,0.9999999985744294,-1.425570550495081e-09
339,3.0669003475513756,0.8007896981123785,-0.42635201575136406,1.0000000141038452,1.4103845202839693e-08
340,3.6253854623765656,3.0823149544104913,0.6820841761616081,0.9999999995864921,-4.1350789459215775e-10
341,2.463849233331709,0.5472010861436907,-0.2084764159432797,1.0000000110594478,1.1059447801997635e-08
342,-0.980902650669278,-0.6589560423282697,-0.302450883482401,0.9999999949796344,-5.020365567709462e-09
343,0.5657728380149494,0.04089915663078081,0.7235646458312619,0.9999999999607776,-3.922240310316738e-11
344,0.9053289776743911,2.976855237385303,0.29369106859241767,1.0000000275494578,2.7549457826125945e-08
345,-3.388115564720284,-3.3457571716859498,0.49699332380664996,0.9999999945667386,-5.4332613963481435e-09
346,1.3255466139559606,2.913197527962283,0.543311262421972,1.0000000245282892,2.452828917753891e-08
347,4.0,3.001152337182173,0.0006668229675252935,0.9999999999704084,-2.9591551431451535e-11
348,2.292665528542615,0.9694719328176769,0.3460016367403045,1.0000000090894057,9.089405672568773e-09
349,2.2720179687656072,-1.3902986763497402,-0.6419303372947027,1.000000038919709,3.8919709011153714e-08
350,-1.2408817641972294,-3.3702543725810585,0.24638287195034514,1.0000000272293077,2.7229307697496097e-08
351,-4.0,-3.317424266609227,0.024260639063237832,0.999999997141081,-2.8589189904337786e-09
352,1.1132970006720928,-0.5915029422051603,0.5502650171730297,1.0000000296504648,2.9650464750119454e-08
353,-2.1137361435702946,-1.762735113591832,-0.5750165652602632,0.9999999949722611,-5.027738891882905e-09
354,-3.147980796973746,-2.498098984061288,0.37904827471484515,0.9999999982419491,-1.7580509270587186e-09
355,1.037256455428004,-0.0659389370089487,-0.4334592043578537,0.9999999991592076,-8.407924356745866e-10
356,-2.4506044140513175,-1.6708030829623297,0.893436024358679,1.0000000255438772,2.5543877235634227e-08
357,-1.8736663189574236,-1.1521873531920406,0.8963666177953953,1.0000000218310439,2.1831043861553212e-08
358,-0.9831067467332901,-0.7780254807205571,-0.15628402563178034,0.9999999947449411,-5.255058943554047e-09
359,2.568999735168543,3.735776370367738,0.01327934064234948,1.0000000020417559,2.041755875481499e-09
360,-1.1380481862824217,0.7153631162434504,0.25391435197406387,1.0000000195571668,1.955716677493058e-08
361,-1.6550147986902317,2.049522468632671,-0.9227970144611812,1.0000000333168293,3.331682929541557e-08
362,-3.0408034348617643,-2.6045314181777917,0.8558954221203705,1.0000000017218653,1.7218653169948084e-09
363,3.3326575454627028,1.5800629080062158,-0.9638726924387039,1.0000000030431726,3.0431726028012918e-09
364,-0.9027037012146373,1.6568823703793125,-0.22496555886388647,1.000000023599019,2.3599018961206752e-08
365,-0.08561718140440133,2.4109120307350844,-0.921787023781283,1.0000000121640185,1.216401845915982e-08
366,-2.670302070232352,-1.9571432652415695,0.7025201722857819,1.0000000038342516,3.8342515829015156e-09
367,-0.4427758372309911,0.6105522110323518,0.3879235601155857,1.0000000043937471,4.393747143893734e-09
368,-0.8209928130634152,-1.1530034770165578,-0.29938172060953006,0.9999999950081713,-4.991828728151404e-09
369,-4.0,-3.3105057124588937,-0.24679806744689814,0.9999999966185488,-3.3814512301333366e-09
370,0.14822933791982473,-0.7622039381767642,0.8112041881117584,1.0000000183957567,1.8395756695710475e-08
371,-1.2090100269259425,1.6966499713308387,-0.20732405522921105,1.0000000325331426,3.2533142624302513e-08
372,0.5763051562579502,-0.07979705616794242,-0.7225527038200774,0.9999999959048159,-4.095184080732395e-09
373,-2.5306991978713964,-1.8027764648322275,-0.6251686518353663,0.9999999963183955,-3.681604465732846e-09
374,-1.956769623418504,-1.4032321658289657,0.7887448687966643,1.0000000024258353,2.4258353104045227e-09
375,0.4229559726655103,2.362085947448941,0.292093290383427,1.0000000234005035,2.3400503534887207e-08
376,2.1768649501235027,2.048709885930622,0.11046296624790308,0.9999999946476515,-5.352348453335765e-09
377,1.3586467156247455,1.3414446577738666,0.47829185983771727,0.99999999455044,-5.449560025461153e-09
378,-0.3573767369595511,-2.406191934970101,0.0683440379784066,1.00000001902138,1.902138002662923e-08
379,3.11901065809122,3.4522535840466535,-0.7957926504218998,0.9999999948832691,-5.116730927845481e-09
380,3.7671682292384636,1.9944972619042325,0.34784943213415565,1.0000000207209787,2.0720978710642157e-08
381,4.0,2.6532388111559317,0.11382966378145842,1.0000000056651732,5.665173219426833e-09
382,2.3710336138918793,2.1168508392069576,0.8724669529053666,0.9999999972992089,-2.7007911462817447e-09
383,3.6357557169796104,3.624934417984935,0.6523548488965991,0.9999999945491944,-5.45080558467248e-09
384,-4.0,-2.7523047763597663,0.19129359590883954,1.0000000050037412,5.003741199161027e-09
385,3.5771404576787686,1.9938012976029515,0.16507401421867218,1.0000000108574116,1.0857411636422398e-08
386,-0.2804237316120548,-0.27728180137697134,0.5523472299544863,0.9999999945474811,-5.452518880844082e-09
387,-1.785877585266992,-0.21951253047695118,0.47738313694545265,1.0000000200484034,2.0048403381878188e-08
388,1.8149280777837382,1.380821805214456,-0.2540226846533279,0.999999995363644,-4.636355965814687e-09
389,1.9246008347854069,3.7586149881923445,0.4771819606576799,1.000000029494381,2.9494380937578057e-08
390,4.0,3.99888082490458,-0.8889439696293352,0.9999999945473629,-5.452637119596204e-09
391,-1.865690004836432,0.8406569329649267,-0.19957152982153492,1.0000000277135939,2.7713593864220343e-08
392,4.0,3.310929435071169,-0.8471531101753791,0.9999999959436608,-4.0563391534576e-09
393,-2.0447352611440444,-1.5960760557877602,0.024685990403412683,0.9999999956684567,-4.3315433462254305e-09
394,-2.0190051244547957,-1.6310895840931554,0.26254497626237505,0.9999999956557558,-4.34424418660484e-09
395,-0.48259529268667745,-0.8316176180908146,-0.47616300168983394,0.9999999949956155,-5.004384462381495e-09
396,2.726873412883453,0.30981805078653046,-0.8245838563259937,1.0000000119399708,1.193997078985376e-08
397,1.1570122819677726,0.45389807380885383,0.25710265637778407,0.9999999981621086,-1.8378913946293096e-09
398,-1.695341301848503,-0.2715932960022034,0.7245297448080983,1.0000000345185351,3.451853514135905e-08
399,-2.196348171446026,-3.0077934866449247,-0.4328757359984301,0.9999999970434799,-2.956520139818508e-09
400,-1.7730937166972978,-0.20589274397624902,-0.0954636606520759,1.0000000067262222,6.7262222458452925e-09
401,-3.3364367746099046,-1.8173817664843854,0.151869980204693,1.0000000093261852,9.32618515747663e-09
402,-0.0030970347807706133,3.2493052215375924,-0.7777390297211301,1.0000000268691862,2.686918620931067e-08
403,-4.0,-2.221437942020958,-0.6221976231367843,1.000000005139661,5.1396609190845766e-09
404,-3.0096360832580085,0.19329000636536886,-0.6829873792831864,1.0000000276580558,2.765805584559189e-08
405,-2.108957291742837,-2.0082608593797024,-0.42678302563419546,0.9999999945859636,-5.414036441386827e-09
406,4.0,3.368380255674719,0.42180335279214054,0.9999999982952897,-1.704710261840603e-09
407,-3.685647819825763,-2.537519594186909,0.7585057921375675,1.0000000241976852,2.419768518890919e-08
408,2.1727346914751546,-0.9523136685429758,-0.4409351304140433,1.0000000313623236,3.1362323626993316e-08
409,1.4099929693874096,3.2783847117667513,0.0988057447824151,1.0000000155886686,1.5588668578203624e-08
410,4.0,3.9395421853766894,0.12767433819737506,0.9999999945701255,-5.429874549989222e-09
411,-4.0,-3.393565341590529,-0.9173696133877415,0.9999999955892388,-4.410761200723812e-09
412,1.0737926205441548,0.778329839711823,-0.6659557747477423,0.9999999948320012,-5.167998806676621e-09
413,-2.773474701235279,0.3821300580339315,-0.5643727318651661,1.0000000291237996,2.9123799594188426e-08
414,-1.1326115402795853,1.559335346819199,-0.37459410762234724,1.0000000231834585,2.3183458486286668e-08
415,4.0,1.2865776041508816,-0.4903375045298243,1.000000021382606,2.1382605908115693e-08
416,3.021570861927229,1.6484497320295048,-0.25462454388732647,1.0000000027105416,2.7105415689732126e-09
417,4.0,3.9540245574019366,-0.9279495841316575,0.999999994553315,-5.446684991916584e-09
418,-4.0,-3.0234607385146077,-0.35615796205993255,0.9999999983670158,-1.6329841923123922e-09
419,2.515261410530014,1.331191140968178,-0.019697556090938373,1.0000000020159558,2.015955846701445e-09
420,0.7927930531114926,0.8535540496365721,-0.00753647157047288,0.9999999945672662,-5.432733818366842e-09
421,4.0,3.7509908889582073,0.48974002037039277,0.999999995207437,-4.792563013111817e-09
422,0.624579327012798,-3.080444373726766,-0.8745708369635043,1.000000034324677,3.432467710062781e-08
423,2.674140519817788,2.094112316328194,-0.2769772119319227,0.9999999959784602,-4.021539767862237e-09
424,-1.5024337590238082,-1.2565506698002649,0.4157796203665689,0.9999999951094893,-4.890510663102532e-09
425,0.04812794782642005,0.5568741541120561,0.29977671285635665,0.9999999965551667,-3.4448333074976745e-09
426,-4.0,-3.095555195048613,-0.5298744035104188,0.9999999974518073,-2.548192656881554e-09
427,0.3245535542497451,0.5342806008023997,-0.018447414056660838,0.999999994781958,-5.218041998489298e-09
428,1.366683417539973,3.0862960222018874,0.24674151892153762,1.00000001587155,1.587155007420904e-08
429,3.6255239218353585,1.9930264063735788,-0.5019376940009519,1.000000004185837,4.18583701033981e-09
430,-2.449242141677482,1.5792437481350445,-0.8504401331896014,1.0000000421865112,4.218651117326999e-08
431,4.0,2.710656537796976,-0.6331118327805578,1.00000000007674,7.673994772972037e-11
432,-2.5088343613268966,-2.9275729651268447,-0.44693645657366243,0.9999999952056104,-4.79438955203193e-09
433,-3.3022423410504413,-2.887004572325462,-0.5892284428827356,0.9999999951366898,-4.8633101989992156e-09
434,3.0199127487094253,3.746989448196251,-0.025414380798017278,0.9999999973477335,-2.6522665175221505e-09
435,0.12919232736290542,-2.121736715669039,-0.6063694732440137,1.0000000116803647,1.16803646754704e-08
436,2.0783036260382586,2.2202159312616043,-0.9025948606933911,0.9999999946048568,-5.395143221065268e-09
437,-1.2055758194475255,-1.5937293205920282,0.6582349189092072,0.9999999969419677,-3.0580322718520847e-09
438,3.96386408197683,1.1698370088391137,-0.9081653566509084,1.000000016770253,1.6770252964093402e-08
439,0.5102715880094361,1.2623523590934083,0.8822812582920216,1.000000020647255,2.064725501682574e-08
440,2.2383771008061117,2.0885611913885356,-0.9451350445411542,0.9999999946100394,-5.389960588964016e-09
441,-1.1896223836490991,1.4246553586377466,-0.05952056725601029,1.0000000295861724,2.9586172400897226e-08
442,-1.0502358573888522,-0.28599777018455175,-0.03820195479712574,0.9999999976032025,-2.3967975382177542e-09
443,4.0,1.9092120810250126,-0.4013025754106184,1.0000000114924312,1.1492431228887767e-08
444,-0.10271834680338277,-2.1766676679199746,-0.07528585707041124,1.0000000162757583,1.6275758296657727e-08
445,-2.545431048706879,1.355148246711238,-0.8446881885278216,1.0000000393486586,3.934865855370617e-08
446,-0.5016376048344346,-1.139990907266724,0.33416135210648945,0.9999999978717252,-2.1282747786344203e-09
447,3.1031610502955473,1.1261561605343475,-0.6232823807195176,1.0000000076264266,7.626426601348157e-09
448,-1.110443994696777,2.414164179806538,-0.9464843914158797,1.0000000292151396,2.9215139640825782e-08
449,-4.0,-3.2464596120145837,-0.23132715288402905,0.9999999970522871,-2.9477128515864592e-09
450,4.0,3.1904304980716054,-0.431471939386733,0.999999997034389,-2.9656109790110463e-09
451,-1.9254050824576603,-0.682078961058437,0.12510812161020501,1.0000000041451471,4.145147114442693e-09
452,2.72670475532795,1.2715585107892515,-0.5467665502559002,1.0000000019834323,1.9834323072842608e-09
453,0.5406965406687236,-2.2061701908114193,-0.2960663748340788,1.000000026170378,2.6170378086831647e-08
454,-2.234872255028292,-0.30673813659941285,-0.18293240644997566,1.0000000116187924,1.1618792372658504e-08
455,4.0,3.633982513756421,-0.2859098817821608,0.9999999951132678,-4.886732241082825e-09
456,-2.191767526448693,1.9176285576034147,-0.9544035099726208,1.0000000414823946,4.148239463042103e-08
457,-1.7031083111156988,0.48479525958541725,-0.544238529193626,1.0000000113856211,1.138562111258068e-08
458,2.013595108010243,2.5938330763663737,0.44257243701003723,0.9999999978281542,-2.171845814302742e-09
459,-0.7889727670685038,0.25716133983849065,0.2174134596687114,1.0000000021435853,2.1435853092555135e-09
460,0.5893631178927725,-0.009356290656022281,0.15106418667855315,0.9999999968410132,-3.1589868498826945e-09
461,4.0,3.6949408180760166,-0.4387607523668543,0.9999999948987106,-5.101289390907482e-09
462,4.0,1.9851542459055809,-0.09423891667021767,1.00000001469976,1.4699760075842505e-08
463,0.9787569294299804,1.3370733434809061,0.8328352362139346,0.9999999987193563,-1.28064370219505e-09
464,-2.722038525633486,-0.6132406975867637,-0.22235935849297805,1.000000014309153,1.4309152973623895e-08
465,0.6895500217278965,-2.1103484825602967,0.01676279119361479,1.000000037856706,3.7856705992211914e-08
466,4.0,1.8431354220381202,-0.03037771730063954,1.0000000190721137,1.9072113666140922e-08
467,-1.6700621087499026,0.048741515891095766,-0.40097234795554937,1.0000000060019176,6.001917629561149e-09
468,0.22805483274748117,0.8365111491453323,0.5040058719606129,0.9999999986018633,-1.3981367175119885e-09
469,-4.0,-2.807110886573459,-0.12289511278556542,1.000000001430971,1.4309708973314628e-09
470,1.945236239306316,2.0271390420508277,-0.6162762549291159,0.999999994569905,-5.430095040281913e-09
471,4.0,3.230845597484196,0.06164969842034451,0.9999999979720192,-2.0279807833034624e-09
472,-1.0135215467985441,1.095322024140164,-0.3914727729954067,1.0000000119081474,1.1908147357075904e-08
473,-0.5968242324412656,-1.0746433255059502,0.7371279343452342,0.9999999992651414,-7.348586184008354e-10
474,1.184508104566889,1.608991791821488,0.9479023188591036,1.0000000133344287,1.333442867235135e-08
475,-0.5219148759867358,1.1898442868219288,0.5569324165860676,1.0000000304702041,3.0470204137600376e-08
476,-0.9937164588109084,2.6161128406722556,-0.7633465566251729,1.0000000346886209,3.4688620864642417e-08
477,3.9725175399032167,3.9111552569087094,-0.24456910840293744,0.9999999945637971,-5.436202932251888e-09
478,-4.0,-1.4650610064093241,-0.5459308665002122,1.0000000171261316,1.7126131623967922e-08
479,4.0,2.8092717788865036,0.12460893593947531,1.000000003345251,3.3452509651255014e-09
480,-3.4350082981967667,-3.7359973505184536,-0.14246568314025876,0.9999999949781008,-5.021899229795679e-09
481,-0.7221452020854611,-1.3030664133780876,0.6516554154258898,0.9999999998097244,-1.9027557307538245e-10
482,3.720374500061718,3.4531815672451653,-0.6955398359532441,0.9999999947760766,-5.22392340496225e-09
483,1.1058190200765705,3.760858309925144,-0.2599853071709243,1.0000000249374377,2.4937437670402574e-08
484,-4.0,-1.8040401176014198,-0.007832880559728972,1.0000000205379174,2.053791736678079e-08
485,0.467005793747465,-0.7432306951615848,-0.3425965817111144,1.0000000004732061,4.732061409384869e-10
486,4.0,2.157461244481631,-0.10589721126669982,1.0000000112226644,1.1222664353383038e-08
487,4.0,2.6670063561466373,0.1751108007158262,1.000000006248174,6.2481739782072054e-09
488,0.21833042085300303,-1.688013424556039,0.45633884952909876,1.0000000308576351,3.085763511379014e-08
489,1.3067233892548478,2.035828346208607,0.04912668333555392,0.9999999975841344,-2.4158656186656913e-09
490,2.377735205708822,0.9414837768024471,0.1224044978424974,1.0000000073153321,7.315332117840967e-09
491,-0.8116607796926736,0.07851905229476497,0.391745939217063,1.0000000016239812,1.623981171761102e-09
492,-0.5556899256303902,-0.2562808518416553,0.5469499634850432,0.9999999956221902,-4.377809781352937e-09
493,0.2065939542350761,-3.061394237574727,-0.4030535217272463,1.0000000358941743,3.589417429950004e-08
494,1.3578535189387786,3.210198456465844,-0.019784564243262248,1.0000000128237585,1.2823758499536098e-08
495,1.0329877001845027,-0.17036234855071264,-0.22014423191631516,1.000000000993922,9.939220557697581e-10
496,-2.70877513198659,0.08470119894912287,-0.8891709394737115,1.0000000169848395,1.698483953482821e-08
497,-0.27813760973850865,1.3289113786068913,-0.4312419816676619,1.0000000043490382,4.349038240647474e-09
498,0.640555488304301,3.0483273155706003,-0.302217864522603,1.0000000187299243,1.8729924278204635e-08
499,4.0,1.8676975460305734,-0.6378110836710752,1.000000009626931,9.626931030126684e-09
500,-2.5710416007530696,-0.7018573138407405,-0.6690614286996245,1.0000000059180614,5.918061374288186e-09
501,2.3212766164206267,2.377962558135475,0.6741471737880522,0.9999999946009258,-5.399074187728559e-09
502,2.089880131358961,3.3513727966029796,0.31503262227661954,1.000000007167233,7.1672330292926745e-09
503,-1.1756602370364222,-0.040627473474080134,0.4465461769111829,1.000000007191543,7.191542916729077e-09
504,-3.779936288554494,-2.694285158400186,0.49339130571501255,1.000000007184922,7.184921990699422e-09
505,-0.4768917719326975,3.6095758602310006,-0.8844973273520177,1.0000000426817965,4.2681796541543804e-08
506,-2.981197159741085,-1.7053553427742463,0.7637238111375897,1.0000000319695392,3.196953923811918e-08
507,-4.0,-1.3743122718709353,-0.7228465336683745,1.000000016284123,1.6284122938969858e-08
508,-0.33109013841319523,-0.05103244151621933,0.1608947281006763,0.9999999950550921,-4.944907927573183e-09
509,0.10669624061036309,0.741356789998532,0.7938534613189159,1.0000000051609481,5.160948113314134e-09
510,-1.0080179823583248,0.08490880229566677,0.32144094686851754,1.000000004109384,4.109383944239653e-09
511,1.0173698721360331,0.5379236761954118,0.8935131285882472,1.0000000062730674,6.273067398865351e-09
