native_bin,level,piece_type,fine_cell,fraction,piece_energy_eV,Tvr_magnitude,Trv_magnitude,exponential_tilt_lambda
135,2s,fine,0,0.020284591110733087,10.193644731757928,6.130746851560969e-05,6.011688468877487e-05,2.8020260469530003
135,2s,residual_red,-1,0.9797154088892669,10.192842731757928,0.0007294488424963636,0.0007130674683875415,2.8020260469530003
135,2p,fine,0,0.020284591110733087,10.193644731757928,0.018568581834668207,0.054623946479111625,2.8020260469528853
135,2p,residual_red,-1,0.9797154088892669,10.192842731757928,0.22093279748860958,0.6479138004380296,2.8020260469528853
136,2s,fine,0,0.8198525899391537,10.194243095338855,0.0005282868789879388,0.0005192280103244707,0.776341886928721
136,2s,fine,1,0.18014741006084628,10.194953095338857,0.0001711364712726384,0.00016866447065699787,0.776341886928721
136,2p,fine,0,0.8198525899391537,10.194243095338855,0.2939999946809195,0.8668757734397412,0.7763418869282109
136,2p,fine,1,0.18014741006084628,10.194953095338857,0.09524015008709479,0.2815933280663796,0.7763418869282109
137,2s,fine,1,0.47079263026831686,10.195371949845505,0.00024399321894284608,0.00024085875391051246,0.5698554711732274
137,2s,fine,2,0.48411292955260454,10.195962081481476,0.000329349664345157,0.0003258616709508405,0.5698554711732274
137,2s,fine,3,0.04509444017907862,10.19628913163597,3.5671305914971006e-05,3.533820480946097e-05,0.5698554711732274
137,2p,fine,1,0.47079263026831686,10.195371949845505,0.2872442916419364,0.8506626018445724,0.5698554711733704
137,2p,fine,2,0.48411292955260454,10.195962081481476,0.3877313125636535,1.1508750765831406,0.5698554711733704
137,2p,fine,3,0.04509444017907862,10.19628913163597,0.04199452363424042,0.12480712766165152,0.5698554711733704
138,2s,fine,3,0.4022388365967721,10.196528477068341,0.0001736505441597499,0.00017218832652056575,0.5801224662992169
138,2s,fine,4,0.2845285691525233,10.196889545031913,0.00014991030486774065,0.00014885574847588144,0.5801224662992169
138,2s,fine,5,0.22762285532235652,10.19715880864333,0.00013913558232333897,0.00013830079477143015,0.5801224662992169
138,2s,fine,6,0.08560973892834807,10.197323490679757,5.730652180624572e-05,5.699899117205954e-05,0.5801224662992169
138,2p,fine,3,0.4022388365967721,10.196528477068341,0.5553675778631834,1.6520733804565912,0.580122466299553
138,2p,fine,4,0.2845285691525233,10.196889545031913,0.47944176227024876,1.428207269065954,0.580122466299553
138,2p,fine,5,0.22762285532235652,10.19715880864333,0.44498214343875614,1.3269370006370698,0.580122466299553
138,2p,fine,6,0.08560973892834807,10.197323490679757,0.18327719250927288,0.5468809525657172,0.580122466299553
139,2s,fine,6,0.06648620638478317,10.197413245216897,5.9393060676166855e-05,5.9094846128353275e-05,-1.836145989161405
139,2s,fine,7,0.08890989315480664,10.197517826791888,6.88645375136786e-05,6.854649049326778e-05,-1.836145989161405
139,2s,fine,8,0.08890989315348691,10.197637499508073,5.8491989122344705e-05,5.824880509695633e-05,-1.836145989161405
139,2s,fine,9,0.08890989315480664,10.197757172224257,4.968177984075601e-05,4.949813288628055e-05,-1.836145989161405
139,2s,fine,10,0.08890989315348691,10.197876844940444,4.219858625261179e-05,4.206206728311507e-05,-1.836145989161405
139,2s,fine,11,0.08890989315480664,10.19799651765663,3.5842529947189654e-05,3.574311597260667e-05,-1.836145989161405
139,2s,fine,12,0.08890989315348691,10.198116190372815,3.044383869378203e-05,3.0373455750455298e-05,-1.836145989161405
139,2s,fine,13,0.08890989315348691,10.198235863089,2.585831178190724e-05,2.581047536386013e-05,-1.836145989161405
139,2s,fine,14,0.08890989315480664,10.198355535805185,2.196346837026227e-05,2.1932987934977843e-05,-1.836145989161405
139,2s,fine,15,0.08890989315348691,10.198475208521371,1.865527598648365e-05,1.863801239453402e-05,-1.836145989161405
139,2s,fine,16,0.08890989315480664,10.198594881237558,1.584537179079651e-05,1.5838038440496103e-05,-1.836145989161405
139,2s,fine,17,0.04441486207374911,10.198684608797826,7.003614158893204e-06,7.002802956910014e-06,-1.836145989161405
139,2p,fine,6,0.06648620638478317,10.197413245216897,0.9752471189862787,2.911051111569023,-1.836145989243494
139,2p,fine,7,0.08890989315480664,10.197517826791888,1.1307708517715607,3.376645349239193,-1.836145989243494
139,2p,fine,8,0.08890989315348691,10.197637499508073,0.9604513258811367,2.869374572098037,-1.836145989243494
139,2p,fine,9,0.08890989315480664,10.197757172224257,0.8157857517895912,2.4383106852196668,-1.836145989243494
139,2p,fine,10,0.08890989315348691,10.197876844940444,0.6929100672446782,2.0720051872204297,-1.836145989243494
139,2p,fine,11,0.08890989315480664,10.19799651765663,0.58854222478148,1.7607294763624632,-1.836145989243494
139,2p,fine,12,0.08890989315348691,10.198116190372815,0.49989452703243364,1.4962164708699053,-1.836145989243494
139,2p,fine,13,0.08890989315348691,10.198235863089,0.4245991666162497,1.2714410463329877,-1.836145989243494
139,2p,fine,14,0.08890989315480664,10.198355535805185,0.36064498118058574,1.08043345718848,-1.836145989243494
139,2p,fine,15,0.08890989315348691,10.198475208521371,0.30632373464859014,0.9181207880157207,-1.836145989243494
139,2p,fine,16,0.08890989315480664,10.198594881237558,0.260184489756867,0.7801922235962216,-1.836145989243494
139,2p,fine,17,0.04441486207374911,10.198684608797826,0.11500088482834046,0.3449626941400945,-1.836145989243494
140,2s,fine,17,0.04447850860264557,10.198744445155917,7.041337700010103e-06,7.0421518961306e-06,1.8275431924076897
140,2s,fine,18,0.08887687797002589,10.198834226669927,1.5893344383790597e-05,1.5900703341924788e-05,1.8275431924076897
140,2s,fine,19,0.08887687796870665,10.198953899386114,1.8696320927498147e-05,1.871363852814242e-05,1.8275431924076897
140,2s,fine,20,0.08887687797002589,10.1990735721023,2.199363505838874e-05,2.2024199775428386e-05,1.8275431924076897
140,2s,fine,21,0.08887687796870665,10.199193244818485,2.5872468970866592e-05,2.5920420286142798e-05,1.8275431924076897
140,2s,fine,22,0.08887687796870665,10.19931291753467,3.0435380458087424e-05,3.050590689655095e-05,1.8275431924076897
140,2s,fine,23,0.08887687797002589,10.199432590250854,3.580301457450168e-05,3.5902595147824716e-05,1.8275431924076897
140,2s,fine,24,0.08887687796870665,10.19955226296704,4.2117293534485635e-05,4.225399174935503e-05,1.8275431924076897
140,2s,fine,25,0.08887687797002589,10.199671935683227,4.9545169193266914e-05,4.972899066088103e-05,1.8275431924076897
140,2s,fine,26,0.08887687796870665,10.199791608399412,5.8283037306296166e-05,5.85263642483753e-05,1.8275431924076897
140,2s,fine,27,0.08887687797002589,10.199911281115597,6.856193031649972e-05,6.888004897573173e-05,1.8275431924076897
140,2s,fine,28,0.06675271170369174,10.200016058736846,5.9364133476614164e-05,5.9663752193818104e-05,1.8275431924076897
140,2p,fine,17,0.04447850860264557,10.198744445155917,0.1156990352351059,0.3471372408513569,1.82754319245614
140,2p,fine,18,0.08887687797002589,10.198834226669927,0.2611498965412726,0.7838124435745888,1.82754319245614
140,2p,fine,19,0.08887687796870665,10.198953899386114,0.3072067249055041,0.9224738319784591,1.82754319245614
140,2p,fine,20,0.08887687797002589,10.1990735721023,0.36138621182663394,1.085665298740957,1.82754319245614
140,2p,fine,21,0.08887687796870665,10.199193244818485,0.4251208828009377,1.277726370106912,1.82754319245614
140,2p,fine,22,0.08887687796870665,10.19931291753467,0.5000959059357551,1.5037642621387295,1.82754319245614
140,2p,fine,23,0.08887687797002589,10.199432590250854,0.5882936483610077,1.769789689736146,1.82754319245614
140,2p,fine,24,0.08887687796870665,10.19955226296704,0.692046090729096,2.0828767012698135,1.82754319245614
140,2p,fine,25,0.08887687797002589,10.199671935683227,0.814096485729431,2.451350789295316,1.82754319245614
140,2p,fine,26,0.08887687796870665,10.199791608399412,0.9576718905492292,2.8850102784876426,1.82754319245614
140,2p,fine,27,0.08887687797002589,10.199911281115597,1.1265684916372138,3.3953868795820585,1.82754319245614
140,2p,fine,28,0.06675271170369174,10.200016058736846,0.9754358140097052,2.9410769068654967,1.82754319245614
141,2s,fine,28,0.08523685018364802,10.200105813273984,5.674667303832199e-05,5.705288558834007e-05,-0.5779994893223146
141,2s,fine,29,0.22762285532197196,10.200270299264155,0.00013843998585109384,0.00013927561356433962,-0.5779994893223146
141,2s,fine,30,0.2845285691520426,10.200539562875571,0.00014924195335904616,0.00015029924578785576,-0.5779994893223146
141,2s,fine,31,0.40261172534233736,10.200900826885402,0.00017314414173640052,0.00017461460854432715,-0.5779994893223146
141,2p,fine,28,0.08523685018364802,10.200105813273984,0.18200235162171216,0.548953381119104,-0.5779994893221551
141,2p,fine,29,0.22762285532197196,10.200270299264155,0.4440155102372383,1.3400868016605494,-0.5779994893221551
141,2p,fine,30,0.2845285691520426,10.200539562875571,0.47866042214708976,1.4461543584355034,-0.5779994893221551
141,2p,fine,31,0.40261172534233736,10.200900826885402,0.5553213832337048,1.6801127368884345,-0.5779994893221551
142,2s,fine,31,0.04479533431379006,10.201140172317773,3.5311217813905544e-05,3.564409156788927e-05,-0.5781836539238709
142,2s,fine,32,0.4843088473713218,10.201467026426009,0.0003276217797138093,0.0003311286131506524,-0.5781836539238709
142,2s,fine,33,0.47089581831488814,10.202057104108237,0.000241684227698888,0.0002448293841080611,-0.5781836539238709
142,2p,fine,31,0.04479533431379006,10.201140172317773,0.041744473183433876,0.12641397692188885,-0.5781836539233837
142,2p,fine,32,0.4843088473713218,10.201467026426009,0.3873103065901058,1.1743681216080946,-0.5781836539233837
142,2p,fine,33,0.47089581831488814,10.202057104108237,0.28571602416005526,0.868302564353463,-0.5781836539233837
143,2s,fine,33,0.18022340124687256,10.202475958614887,0.00016969604530634965,0.0001721831290761466,-0.7816275180386761
143,2s,fine,34,0.8197765987531275,10.203185958614885,0.0005221890944228953,0.0005312995136530985,-0.7816275180386761
143,2p,fine,33,0.18022340124687256,10.202475958614887,0.09504035643338514,0.2892998348253237,-0.7816275180379026
143,2p,fine,34,0.8197765987531275,10.203185958614885,0.2924584221747964,0.8926824734071416,-0.7816275180379026
144,2s,fine,34,0.02035186510423531,10.203784322195814,6.062542272824418e-05,6.182606498485268e-05,-2.803349285607952
144,2s,residual_blue,-1,0.9796481348957647,10.204586322195814,0.0007184244723127862,0.0007349287600561778,-2.803349285607952
144,2p,fine,34,0.02035186510423531,10.203784322195814,0.01852482292016009,0.05667508055961773,-2.803349285607081
144,2p,residual_blue,-1,0.9796481348957647,10.204586322195814,0.21952318898898757,0.6736988144399403,-2.803349285607081
