angle_index,time,R_normal,dlog_Doppler,R_hydrogen_analytic,R_hydrogen_direct,residual
0,0.15,-0.7650983913660728,0.24286706925087864,-0.5222313221151942,-0.5222313221114881,3.706035478501235e-12
0,0.48571428571428565,-0.7660270798729547,0.2167295197135085,-0.5492975601594462,-0.5492975601704049,-1.0958678409167533e-11
0,0.8214285714285714,-0.7679107446223495,0.17602822563849663,-0.5918825189838529,-0.5918825189715758,1.2277068250909906e-11
0,1.157142857142857,-0.77069643593911,0.12368027011404525,-0.6470161658250647,-0.6470161658148991,1.0165646102677783e-11
0,1.4928571428571427,-0.7743058482487807,0.06298504293554141,-0.7113208053132393,-0.711320805312406,8.3322237998118e-13
0,1.8285714285714283,-0.7786375212414358,-0.0016480855759855029,-0.7802856068174213,-0.7802856068087984,8.622880187658666e-12
0,2.164285714285714,-0.7835696919133991,-0.06450993804771843,-0.8480796299611175,-0.848079629965174,-4.056532887375397e-12
0,2.4999999999999996,-0.7889637173161657,-0.11914679282964769,-0.9081105101458133,-0.9081105101560459,-1.023259255106268e-11
0,2.8357142857142854,-0.7946679717993087,-0.15937330668748684,-0.9540412784867955,-0.9540412785160229,-2.9227398279374484e-11
0,3.1714285714285713,-0.8005221091961673,-0.1802266683356063,-0.9807487775317736,-0.9807487775533491,-2.157551914905298e-11
0,3.5071428571428567,-0.8063615701425921,-0.1786415665885448,-0.9850031367311369,-0.9850031367201564,1.0980549802752648e-11
0,3.8428571428571425,-0.8120222078283571,-0.15406189647676694,-0.966084104305124,-0.9660841043053942,-2.701172618913006e-13
0,4.178571428571429,-0.8173449021517116,-0.10918978059197026,-0.9265346827436819,-0.9265346827325159,1.116595704786505e-11
0,4.514285714285714,-0.8221800325735336,-0.05051903543205871,-0.8726990680055923,-0.8726990680144966,-8.904321724401143e-12
0,4.85,-0.8263916839394876,0.012201666130024158,-0.8141900178094634,-0.8141900178189794,-9.515943588667142e-12
1,0.15,-0.7650983913660728,-0.2512529372631075,-1.0163513286291803,-1.0163513286291317,4.8627768478581856e-14
1,0.48571428571428565,-0.7660270798729547,-0.24051834289437157,-1.0065454227673263,-1.0065454227716855,-4.359179683888215e-12
1,0.8214285714285714,-0.7679107446223495,-0.20558508600765557,-0.9734958306300051,-0.9734958306200264,9.978684545330907e-12
1,1.157142857142857,-0.77069643593911,-0.14647894822657626,-0.9171753841656862,-0.9171753841528498,1.283639861071606e-11
1,1.4928571428571427,-0.7743058482487807,-0.06928751141167566,-0.8435933596604563,-0.8435933596599257,5.306866057708248e-13
1,1.8285714285714283,-0.7786375212414358,0.013276580951352535,-0.7653609402900833,-0.7653609402876367,2.4465984793664575e-12
1,2.164285714285714,-0.7835696919133991,0.08592049605370966,-0.6976491958596894,-0.6976491958613864,-1.6969758931395518e-12
1,2.4999999999999996,-0.7889637173161657,0.1372567068256445,-0.6517070104905212,-0.6517070104868534,3.667732784151667e-12
1,2.8357142857142854,-0.7946679717993087,0.1635217191234718,-0.6311462526758369,-0.6311462527034776,-2.764066753258021e-11
1,3.1714285714285713,-0.8005221091961673,0.16739266678304576,-0.6331294424131215,-0.6331294424325821,-1.9460544287142056e-11
1,3.5071428571428567,-0.8063615701425921,0.15440528469768655,-0.6519562854449056,-0.651956285444936,-3.042011087472929e-14
1,3.8428571428571425,-0.8120222078283571,0.1300562754263257,-0.6819659324020314,-0.6819659324123575,-1.0326073329736118e-11
1,4.178571428571429,-0.8173449021517116,0.09858838513568646,-0.7187565170160252,-0.7187565170263531,-1.0327960708877981e-11
1,4.514285714285714,-0.8221800325735336,0.06298766222812113,-0.7591923703454124,-0.759192370345755,-3.426148253993233e-13
1,4.85,-0.8263916839394876,0.02550616980320808,-0.8008855141362795,-0.8008855141239389,1.2340573007918465e-11
2,0.15,-0.7650983913660728,-0.01855261810953024,-0.7836510094756031,-0.7836510094749495,6.535882945968297e-13
2,0.48571428571428565,-0.7660270798729547,-0.059826632915493616,-0.8258537127884483,-0.8258537127884407,7.66053886991358e-15
2,0.8214285714285714,-0.7679107446223495,-0.09987457907854169,-0.8677853237008912,-0.8677853236942663,6.624922832543234e-12
2,1.157142857142857,-0.77069643593911,-0.13636539970634165,-0.9070618356454516,-0.9070618356338266,1.1625034268547552e-11
2,1.4928571428571427,-0.7743058482487807,-0.16492044606540368,-0.9392262943141844,-0.9392262943053175,8.866907208471275e-12
2,1.8285714285714283,-0.7786375212414358,-0.17913256695281354,-0.9577700881942494,-0.9577700881798396,1.4409806681214832e-11
2,2.164285714285714,-0.7835696919133991,-0.17197114629651966,-0.9555408382099188,-0.9555408382192856,-9.366840636459983e-12
2,2.4999999999999996,-0.7889637173161657,-0.13878123171144807,-0.9277449490276137,-0.9277449490382079,-1.0594192190183094e-11
2,2.8357142857142854,-0.7946679717993087,-0.08076573898794137,-0.8754337107872501,-0.8754337108081895,-2.0939472378245227e-11
2,3.1714285714285713,-0.8005221091961673,-0.006511401881673318,-0.8070335110778406,-0.807033511109519,-3.167843765083944e-11
2,3.5071428571428567,-0.8063615701425921,0.07035822520946144,-0.7360033449331307,-0.7360033449255176,7.613132346762086e-12
2,3.8428571428571425,-0.8120222078283571,0.1363541045330473,-0.6756681032953098,-0.6756681032893396,5.970224314921779e-12
2,4.178571428571429,-0.8173449021517116,0.18255714606937667,-0.634787756082335,-0.6347877560819447,3.902433931557425e-13
2,4.514285714285714,-0.8221800325735336,0.20582758582324,-0.6163524467502935,-0.6163524467528435,-2.5499602429590595e-12
2,4.85,-0.8263916839394876,0.20735618449531346,-0.6190354994441741,-0.6190354994569287,-1.2754575173801186e-11
3,0.15,-0.7650983913660728,0.04018955554475856,-0.7249088358213143,-0.7249088358145712,6.743050562363351e-12
3,0.48571428571428565,-0.7660270798729547,0.12197706430908739,-0.6440500155638673,-0.6440500155691086,-5.2412518769529015e-12
3,0.8214285714285714,-0.7679107446223495,0.1807061438765002,-0.5872046007458493,-0.5872046007410202,4.829137090212043e-12
3,1.157142857142857,-0.77069643593911,0.20834780643676043,-0.5623486295023495,-0.5623486294931145,9.235057163436977e-12
3,1.4928571428571427,-0.7743058482487807,0.20454526133314477,-0.5697605869156359,-0.5697605869196357,-3.9998004908170515e-12
3,1.8285714285714283,-0.7786375212414358,0.17459120854125776,-0.6040463127001781,-0.6040463126984659,1.7121859485769164e-12
3,2.164285714285714,-0.7835696919133991,0.12667550970649522,-0.6568941822069039,-0.6568941822160389,-9.13502606891825e-12
3,2.4999999999999996,-0.7889637173161657,0.06943843248708059,-0.7195252848290851,-0.7195252848285482,5.369038547087257e-13
3,2.8357142857142854,-0.7946679717993087,0.010203841737380093,-0.7844641300619286,-0.7844641300861857,-2.425704082043012e-11
3,3.1714285714285713,-0.8005221091961673,-0.04587246934724942,-0.8463945785434167,-0.8463945785649092,-2.1492474466811018e-11
3,3.5071428571428567,-0.8063615701425921,-0.09570955974751383,-0.902071129890106,-0.9020711298805364,9.569567360756537e-12
3,3.8428571428571425,-0.8120222078283571,-0.13756954324503357,-0.9495917510733907,-0.9495917510760065,-2.6157964683193313e-12
3,4.178571428571429,-0.8173449021517116,-0.17014253852799988,-0.9874874406797115,-0.9874874406956556,-1.5944134901246798e-11
3,4.514285714285714,-0.8221800325735336,-0.19181228273093387,-1.0139923153044674,-1.0139923153074102,-2.94275714907144e-12
3,4.85,-0.8263916839394876,-0.2003409195289101,-1.0267326034683977,-1.0267326034744486,-6.050937528812028e-12
4,0.15,-0.7650983913660728,0.09300330826193082,-0.672095083104142,-0.6720950831008246,3.3174574198824303e-12
4,0.48571428571428565,-0.7660270798729547,0.09310401704602389,-0.6729230628269308,-0.6729230628272722,-3.4139358007223564e-13
4,0.8214285714285714,-0.7679107446223495,0.08309153168104932,-0.6848192129413002,-0.6848192129380961,3.2041036490682018e-12
4,1.157142857142857,-0.77069643593911,0.06272614326037462,-0.7079702926787353,-0.7079702926654495,1.3285816891084323e-11
4,1.4928571428571427,-0.7743058482487807,0.033236793305004064,-0.7410690549437766,-0.7410690549464193,-2.64266386551526e-12
4,1.8285714285714283,-0.7786375212414358,-0.0024002522940446136,-0.7810377735354804,-0.7810377735265974,8.88300544232834e-12
4,2.164285714285714,-0.7835696919133991,-0.03968177226003888,-0.823251464173438,-0.823251464182606,-9.167999692749618e-12
4,2.4999999999999996,-0.7889637173161657,-0.07344323148909504,-0.8624069488052607,-0.8624069488187094,-1.3448686608796834e-11
4,2.8357142857142854,-0.7946679717993087,-0.09904414014916962,-0.8937121119484783,-0.893712111976752,-2.8273716701221474e-11
4,3.1714285714285713,-0.8005221091961673,-0.1132849269537467,-0.913807036149914,-0.9138070361569549,-7.04092339987028e-12
4,3.5071428571428567,-0.8063615701425921,-0.11472167407344325,-0.9210832442160354,-0.9210832442226498,-6.614375713809295e-12
4,3.8428571428571425,-0.8120222078283571,-0.10351563752900028,-0.9155378453573574,-0.9155378453640227,-6.66533495063959e-12
4,4.178571428571429,-0.8173449021517116,-0.08116239585159857,-0.8985072980033102,-0.8985072980120337,-8.723466393689705e-12
4,4.514285714285714,-0.8221800325735336,-0.05030586957115435,-0.8724859021446879,-0.8724859021536079,-8.919975869048358e-12
4,4.85,-0.8263916839394876,-0.01459033736470916,-0.8409820213041967,-0.8409820213032639,9.328093852900565e-13
5,0.15,-0.7650983913660728,-0.08539124672899046,-0.8504896380950633,-0.8504896380939994,1.0639267244982875e-12
5,0.48571428571428565,-0.7660270798729547,-0.07026246962145266,-0.8362895494944074,-0.8362895494979279,-3.5205172110863714e-12
5,0.8214285714285714,-0.7679107446223495,-0.05052602991720767,-0.8184367745395572,-0.818436774531935,7.622236175564012e-12
5,1.157142857142857,-0.77069643593911,-0.02885390888865258,-0.7995503448277625,-0.7995503448141038,1.3658740805055913e-11
5,1.4928571428571427,-0.7743058482487807,-0.007701244212116931,-0.7820070924608976,-0.7820070924656011,-4.703459843824476e-12
5,1.8285714285714283,-0.7786375212414358,0.011207686128257177,-0.7674298351131786,-0.7674298351125393,6.393774398816277e-13
5,2.164285714285714,-0.7835696919133991,0.027170204596654868,-0.7563994873167442,-0.7563994873246067,-7.862488438092896e-12
5,2.4999999999999996,-0.7889637173161657,0.040316720963865293,-0.7486469963523004,-0.7486469963606059,-8.305578447220796e-12
5,2.8357142857142854,-0.7946679717993087,0.05104407565805147,-0.7436238961412572,-0.7436238961618564,-2.0599189021197617e-11
5,3.1714285714285713,-0.8005221091961673,0.05947568544962878,-0.7410464237465385,-0.7410464237670813,-2.054278969154666e-11
5,3.5071428571428567,-0.8063615701425921,0.06525891300490039,-0.7411026571376917,-0.7411026571424449,-4.753197835327683e-12
5,3.8428571428571425,-0.8120222078283571,0.0676833541209726,-0.7443388537073845,-0.7443388537290798,-2.1695312213410034e-11
5,4.178571428571429,-0.8173449021517116,0.06592287616815196,-0.7514220259835597,-0.7514220259944673,-1.0907608150034775e-11
5,4.514285714285714,-0.8221800325735336,0.05925542437259834,-0.7629246082009352,-0.7629246081997109,1.2243539515566226e-12
5,4.85,-0.8263916839394876,0.04723617530649493,-0.7791555086329927,-0.7791555086326487,3.439470930288735e-13
6,0.15,-0.7650983913660728,0.04250770766463985,-0.722590683701433,-0.7225906837048331,-3.4001690352170044e-12
6,0.48571428571428565,-0.7660270798729547,0.010915351811365714,-0.755111728061589,-0.7551117280635751,-1.9860779687519425e-12
6,0.8214285714285714,-0.7679107446223495,-0.023025086772228698,-0.7909358313945782,-0.7909358313904398,4.1384673465927335e-12
6,1.157142857142857,-0.77069643593911,-0.05818739275523843,-0.8288838286943484,-0.8288838286824028,1.1945555655756834e-11
6,1.4928571428571427,-0.7743058482487807,-0.09200987972876962,-0.8663157279775503,-0.8663157279783136,-7.632783294297951e-13
6,1.8285714285714283,-0.7786375212414358,-0.12018763224990592,-0.8988251534913417,-0.8988251534826814,8.660294703588534e-12
6,2.164285714285714,-0.7835696919133991,-0.13718424520932648,-0.9207539371227256,-0.920753937129944,-7.218448061507843e-12
6,2.4999999999999996,-0.7889637173161657,-0.13773709904851483,-0.9267008163646805,-0.9267008163782452,-1.3564704914870163e-11
6,2.8357142857142854,-0.7946679717993087,-0.11891048191418996,-0.9135784537134987,-0.9135784537391463,-2.564759515877313e-11
6,3.1714285714285713,-0.8005221091961673,-0.08172358063485019,-0.8822456898310175,-0.8822456898519939,-2.0976442804965245e-11
6,3.5071428571428567,-0.8063615701425921,-0.03142767564412241,-0.8377892457867145,-0.8377892457833712,3.3433256163561964e-12
6,3.8428571428571425,-0.8120222078283571,0.02383869458244392,-0.7881835132459132,-0.7881835132413546,4.558575739110893e-12
6,4.178571428571429,-0.8173449021517116,0.0754027831136781,-0.7419421190380335,-0.7419421190405875,-2.55395704584771e-12
6,4.514285714285714,-0.8221800325735336,0.11627300763488169,-0.7059070249386519,-0.7059070249411843,-2.532418719169982e-12
6,4.85,-0.8263916839394876,0.14232016344119258,-0.684071520498295,-0.6840715204995775,-1.2825296380469808e-12
7,0.15,-0.7650983913660728,-0.06843250982844973,-0.8335309011945226,-0.8335309011909171,3.605449272470196e-12
7,0.48571428571428565,-0.7660270798729547,-0.09450642412797194,-0.8605335040009267,-0.8605335039948979,6.028733068319525e-12
7,0.8214285714285714,-0.7679107446223495,-0.11645850966280924,-0.8843692542851588,-0.8843692542800003,5.158429239315865e-12
7,1.157142857142857,-0.77069643593911,-0.13204562149268262,-0.9027420574317926,-0.9027420574218383,9.954259638789154e-12
7,1.4928571428571427,-0.7743058482487807,-0.13765668998494218,-0.9119625382337229,-0.9119625382294123,4.310551915409633e-12
7,1.8285714285714283,-0.7786375212414358,-0.12896515933359054,-0.9076026805750264,-0.9076026805702555,4.770850381419223e-12
7,2.164285714285714,-0.7835696919133991,-0.10269049089734417,-0.8862601828107433,-0.886260182826152,-1.5408785358772548e-11
7,2.4999999999999996,-0.7889637173161657,-0.0589778641578369,-0.8479415814740026,-0.8479415814999224,-2.5919821844411217e-11
7,2.8357142857142854,-0.7946679717993087,-0.00285534661556619,-0.7975233184148749,-0.7975233184409624,-2.6087465521129616e-11
7,3.1714285714285713,-0.8005221091961673,0.05673665536994621,-0.7437854538262211,-0.7437854538605569,-3.4335867482582216e-11
7,3.5071428571428567,-0.8063615701425921,0.11006936223786323,-0.6962922079047289,-0.6962922079097507,-5.021760784984508e-12
7,3.8428571428571425,-0.8120222078283571,0.1497985647230372,-0.6622236431053199,-0.6622236431164107,-1.1090794949097926e-11
7,4.178571428571429,-0.8173449021517116,0.17233192067640424,-0.6450129814753074,-0.6450129814724221,2.885247596395857e-12
7,4.514285714285714,-0.8221800325735336,0.17731863426207783,-0.6448613983114557,-0.6448613983208358,-9.380052290453023e-12
7,4.85,-0.8263916839394876,0.16637288361360114,-0.6600188003258864,-0.6600188003284361,-2.549627176051672e-12
8,0.15,-0.7650983913660728,0.10047147962671721,-0.6646269117393556,-0.6646269117421831,-2.8275159991153487e-12
8,0.48571428571428565,-0.7660270798729547,0.14751048786199772,-0.618516592010957,-0.6185165920137569,-2.7998714458021823e-12
8,0.8214285714285714,-0.7679107446223495,0.17287154893211687,-0.5950391956902327,-0.5950391956818789,8.353762126489528e-12
8,1.157142857142857,-0.77069643593911,0.1741065739572214,-0.5965898619818886,-0.5965898619689213,1.2967293905319366e-11
8,1.4928571428571427,-0.7743058482487807,0.15278596946348988,-0.6215198787852908,-0.6215198787943669,-9.076073226310655e-12
8,1.8285714285714283,-0.7786375212414358,0.11350588295954356,-0.6651316382818923,-0.6651316382833005,-1.4082068844345486e-12
8,2.164285714285714,-0.7835696919133991,0.062687530847639,-0.7208821610657601,-0.7208821610815707,-1.5810575071384392e-11
8,2.4999999999999996,-0.7889637173161657,0.007207913700834845,-0.7817558036153308,-0.7817558036230889,-7.758127473778131e-12
8,2.8357142857142854,-0.7946679717993087,-0.04689049040790305,-0.8415584622072118,-0.841558462227887,-2.067523929838444e-11
8,3.1714285714285713,-0.8005221091961673,-0.0951507978822086,-0.8956729070783759,-0.89567290711412,-3.5744074367016765e-11
8,3.5071428571428567,-0.8063615701425921,-0.13467356593028823,-0.9410351360728804,-0.941035136085381,-1.2500667168069413e-11
8,3.8428571428571425,-0.8120222078283571,-0.16351817358953935,-0.9755403814178965,-0.9755403814130461,4.850342349982384e-12
8,4.178571428571429,-0.8173449021517116,-0.1799889292597705,-0.9973338314114821,-0.9973338314206436,-9.16144937690433e-12
8,4.514285714285714,-0.8221800325735336,-0.1822304690514116,-1.0044105016249452,-1.004410501633431,-8.485878666419922e-12
8,4.85,-0.8263916839394876,-0.1684328542103286,-0.9948245381498162,-0.9948245381585784,-8.762213177249123e-12
9,0.15,-0.7650983913660728,-0.045672109059732846,-0.8107705004258057,-0.8107705004208042,5.001443703633868e-12
9,0.48571428571428565,-0.7660270798729547,0.020306693106869833,-0.7457203867660849,-0.7457203867675121,-1.4271916981556387e-12
9,0.8214285714285714,-0.7679107446223495,0.07964361849806378,-0.6882671261242858,-0.6882671261129735,1.1312284442510645e-11
9,1.157142857142857,-0.77069643593911,0.12214355673052701,-0.648552879208583,-0.6485528791982941,1.0288880858411176e-11
9,1.4928571428571427,-0.7743058482487807,0.1421967474103797,-0.632109100838401,-0.6321091008343326,4.068412273738886e-12
9,1.8285714285714283,-0.7786375212414358,0.13973495234312738,-0.6389025688983084,-0.6389025688918747,6.433742427702782e-12
9,2.164285714285714,-0.7835696919133991,0.11918442087438719,-0.6643852710390119,-0.6643852710504679,-1.145594730189714e-11
9,2.4999999999999996,-0.7889637173161657,0.0872302082876415,-0.7017335090285242,-0.7017335090351664,-6.6422423117273866e-12
9,2.8357142857142854,-0.7946679717993087,0.050502845369825744,-0.744165126429483,-0.7441651264483705,-1.8887558184133013e-11
9,3.1714285714285713,-0.8005221091961673,0.014061452473359992,-0.7864606567228073,-0.7864606567505501,-2.7742808050845724e-11
9,3.5071428571428567,-0.8063615701425921,-0.019038884283577473,-0.8254004544261696,-0.8254004544257694,4.0023540037736893e-13
9,3.8428571428571425,-0.8120222078283571,-0.047381824359020386,-0.8594040321873775,-0.859404032190388,-3.0104807535735745e-12
9,4.178571428571429,-0.8173449021517116,-0.07052517566335803,-0.8878700778150697,-0.8878700778203185,-5.2488013935203526e-12
9,4.514285714285714,-0.8221800325735336,-0.08840451606359245,-0.910584548637126,-0.9105845486430859,-5.959899240792765e-12
9,4.85,-0.8263916839394876,-0.10095370396420189,-0.9273453879036895,-0.9273453879132808,-9.59132773203919e-12
10,0.15,-0.7650983913660728,0.23430318231026448,-0.5307952090558083,-0.5307952090565065,-6.981082378842984e-13
10,0.48571428571428565,-0.7660270798729547,0.2099822714568772,-0.5560448084160775,-0.5560448084143225,1.7550405573274475e-12
10,0.8214285714285714,-0.7679107446223495,0.171077011667372,-0.5968337329549775,-0.5968337329483504,6.6271432785924844e-12
10,1.157142857142857,-0.77069643593911,0.12023045295412993,-0.65046598298498,-0.6504659829736913,1.1288747714388592e-11
10,1.4928571428571427,-0.7743058482487807,0.06051758403347918,-0.7137882642153015,-0.7137882642088699,6.431633003955994e-12
10,1.8285714285714283,-0.7786375212414358,-0.003863840411479802,-0.7825013616529156,-0.7825013616439649,8.950729046830475e-12
10,2.164285714285714,-0.7835696919133991,-0.06742279430272713,-0.8509924862161262,-0.8509924862213727,-5.24646992516864e-12
10,2.4999999999999996,-0.7889637173161657,-0.12391976298144336,-0.912883480297609,-0.9128834803075654,-9.956369062535941e-12
10,2.8357142857142854,-0.7946679717993087,-0.16732263332262587,-0.9619906051219346,-0.9619906051453833,-2.3448687436200544e-11
10,3.1714285714285713,-0.8005221091961673,-0.19263781002197278,-0.9931599192181401,-0.9931599192473475,-2.920741426493123e-11
10,3.5071428571428567,-0.8063615701425921,-0.19639522760430528,-1.0027567977468974,-1.0027567977392384,7.658984557679105e-12
10,3.8428571428571425,-0.8120222078283571,-0.17706837760072036,-0.9890905854290775,-0.9890905854477899,-1.8712476013149626e-11
10,4.178571428571429,-0.8173449021517116,-0.13580623978848794,-0.9531511419401996,-0.9531511419506402,-1.0440648345877435e-11
10,4.514285714285714,-0.8221800325735336,-0.0773473543186256,-0.8995273868921592,-0.8995273868939168,-1.7575940702840853e-12
10,4.85,-0.8263916839394876,-0.01026360645429214,-0.8366552903937797,-0.8366552904019255,-8.145817353977236e-12
11,0.15,-0.7650983913660728,0.11455966518248728,-0.6505387261835855,-0.6505387261763566,7.228995180241782e-12
11,0.48571428571428565,-0.7660270798729547,0.11155667827077909,-0.6544704016021756,-0.6544704016039441,-1.7684742559254119e-12
11,0.8214285714285714,-0.7679107446223495,0.09753315038844113,-0.6703775942339084,-0.670377594221468,1.2440382057832267e-11
11,1.157142857142857,-0.77069643593911,0.0731645852439784,-0.6975318506951316,-0.6975318506935445,1.5870638137016613e-12
11,1.4928571428571427,-0.7743058482487807,0.04059267188512805,-0.7337131763636526,-0.7337131763647067,-1.0540457395791236e-12
11,1.8285714285714283,-0.7786375212414358,0.0036366588092759944,-0.7750008624321598,-0.7750008624287281,3.431699369116359e-12
11,2.164285714285714,-0.7835696919133991,-0.03248831438134914,-0.8160580062947482,-0.81605800630787,-1.3121725928044725e-11
11,2.4999999999999996,-0.7889637173161657,-0.0621318185345453,-0.851095535850711,-0.8510955358661161,-1.5405121622791285e-11
11,2.8357142857142854,-0.7946679717993087,-0.08054612263666616,-0.8752140944359749,-0.8752140944571587,-2.1183832465965224e-11
11,3.1714285714285713,-0.8005221091961673,-0.08500555564172674,-0.885527664837894,-0.8855276648493207,-1.1426637414047036e-11
11,3.5071428571428567,-0.8063615701425921,-0.07531305089793294,-0.8816746210405251,-0.881674621046787,-6.261879903490808e-12
11,3.8428571428571425,-0.8120222078283571,-0.053708432724091204,-0.8657306405524483,-0.865730640553508,-1.059707877004712e-12
11,4.178571428571429,-0.8173449021517116,-0.02437554947715237,-0.841720451628864,-0.8417204516442122,-1.5348167181628014e-11
11,4.514285714285714,-0.8221800325735336,0.007317468639057911,-0.8148625639344756,-0.8148625639525785,-1.8102852550327952e-11
11,4.85,-0.8263916839394876,0.03576729109072674,-0.7906243928487608,-0.7906243928453478,3.4130476223026562e-12
12,0.15,-0.7650983913660728,-0.10829334785603972,-0.8733917392221126,-0.873391739216779,5.333511410299252e-12
12,0.48571428571428565,-0.7660270798729547,-0.09259253772977571,-0.8586196176027304,-0.858619617604093,-1.3625767181224546e-12
12,0.8214285714285714,-0.7679107446223495,-0.0700684186570103,-0.8379791632793598,-0.8379791632734389,5.920930412628422e-12
12,1.157142857142857,-0.77069643593911,-0.04404475015818021,-0.8147411860972902,-0.8147411860767727,2.0517476606585205e-11
12,1.4928571428571427,-0.7743058482487807,-0.018289226635147426,-0.7925950748839281,-0.7925950748869739,-3.0457858457566545e-12
12,1.8285714285714283,-0.7786375212414358,0.0038396691769514435,-0.7747978520644844,-0.7747978520609524,3.5319525082400105e-12
12,2.164285714285714,-0.7835696919133991,0.020243271775048366,-0.7633264201383507,-0.7633264201528654,-1.4514722757041909e-11
12,2.4999999999999996,-0.7889637173161657,0.03039597734469124,-0.7585677399714744,-0.7585677399927584,-2.1283974582786414e-11
12,2.8357142857142854,-0.7946679717993087,0.034963824280829225,-0.7597041475184795,-0.7597041475367512,-1.827171747237344e-11
12,3.1714285714285713,-0.8005221091961673,0.035101030778819875,-0.7654210784173474,-0.7654210784246994,-7.352007891370249e-12
12,3.5071428571428567,-0.8063615701425921,0.03191190572668279,-0.7744496644159093,-0.7744496644183454,-2.4360513606325185e-12
12,3.8428571428571425,-0.8120222078283571,0.02626691985824059,-0.7857552879701165,-0.7857552879667975,3.3190117321169055e-12
12,4.178571428571429,-0.8173449021517116,0.018872723328798524,-0.7984721788229131,-0.7984721788367731,-1.3860024239420454e-11
12,4.514285714285714,-0.8221800325735336,0.010431550517695953,-0.8117484820558376,-0.8117484820491238,6.713851696815709e-12
12,4.85,-0.8263916839394876,0.0017895969235336429,-0.8246020870159539,-0.8246020870239511,-7.997158490979928e-12
13,0.15,-0.7650983913660728,-0.24134032929636373,-1.0064387206624366,-1.0064387206625,-6.350475700855895e-14
13,0.48571428571428565,-0.7660270798729547,-0.22980737103714355,-0.9958344509100983,-0.9958344509124656,-2.3673285554082213e-12
13,0.8214285714285714,-0.7679107446223495,-0.1952376036079413,-0.9631483482302908,-0.963148348227342,2.9488633757068783e-12
13,1.157142857142857,-0.77069643593911,-0.13781770259310278,-0.9085141385322127,-0.9085141385219615,1.0251244297876383e-11
13,1.4928571428571427,-0.7743058482487807,-0.06321554873853474,-0.8375213969873154,-0.8375213969781987,9.116707389011935e-12
13,1.8285714285714283,-0.7786375212414358,0.016884390073866995,-0.7617531311675688,-0.7617531311621127,5.456080032217869e-12
13,2.164285714285714,-0.7835696919133991,0.08831815096525375,-0.6952515409481453,-0.6952515409552883,-7.142952895833332e-12
13,2.4999999999999996,-0.7889637173161657,0.14025183549944087,-0.6487118818167248,-0.6487118818176983,-9.735545702937998e-13
13,2.8357142857142854,-0.7946679717993087,0.16870106874705537,-0.6259669030522533,-0.6259669030709661,-1.8712809080057013e-11
13,3.1714285714285713,-0.8005221091961673,0.17568000122139027,-0.624842107974777,-0.624842107991667,-1.688993389592497e-11
13,3.5071428571428567,-0.8063615701425921,0.1660248638923998,-0.6403367062501923,-0.6403367062368658,1.3326562076088067e-11
13,3.8428571428571425,-0.8120222078283571,0.14467817353015577,-0.6673440342982013,-0.6673440343052394,-7.038036820006255e-12
13,4.178571428571429,-0.8173449021517116,0.11545896841218606,-0.7018859337395256,-0.7018859337496832,-1.0157652496900482e-11
13,4.514285714285714,-0.8221800325735336,0.08097219766151653,-0.741207834912017,-0.7412078348978389,1.4178103135975562e-11
13,4.85,-0.8263916839394876,0.0430492961170047,-0.7833423878224829,-0.7833423878259951,-3.5121905384016827e-12
14,0.15,-0.7650983913660728,0.13748252133872108,-0.6276158700273518,-0.6276158700271177,2.34035013590983e-13
14,0.48571428571428565,-0.7660270798729547,0.09529595751530917,-0.6707311223576455,-0.6707311223613324,-3.68682862017522e-12
14,0.8214285714285714,-0.7679107446223495,0.047577835592702344,-0.7203329090296472,-0.720332909015057,1.459021792271642e-11
14,1.157142857142857,-0.77069643593911,-0.004197551984330694,-0.7748939879234407,-0.7748939879162474,7.193245998848852e-12
14,1.4928571428571427,-0.7743058482487807,-0.05724794256089971,-0.8315537908096804,-0.8315537908101799,-4.994893387788579e-13
14,1.8285714285714283,-0.7786375212414358,-0.106821816929772,-0.8854593381712078,-0.8854593381605693,1.0638490088865638e-11
14,2.164285714285714,-0.7835696919133991,-0.14629350959753162,-0.9298632015109307,-0.929863201530138,-1.9207302415225058e-11
14,2.4999999999999996,-0.7889637173161657,-0.16828768998334687,-0.9572514072995125,-0.9572514073056628,-6.15030248951598e-12
14,2.8357142857142854,-0.7946679717993087,-0.16666247704097037,-0.9613304488402791,-0.9613304488694424,-2.916333841085361e-11
14,3.1714285714285713,-0.8005221091961673,-0.13877216819223215,-0.9392942773883994,-0.9392942774077983,-1.9398815886972898e-11
14,3.5071428571428567,-0.8063615701425921,-0.08722251872352649,-0.8935840888661186,-0.8935840888642705,1.8480772467910356e-12
14,3.8428571428571425,-0.8120222078283571,-0.020200860085320405,-0.8322230679136775,-0.8322230679147501,-1.0725864640903637e-12
14,4.178571428571429,-0.8173449021517116,0.05031381234225041,-0.7670310898094612,-0.767031089821124,-1.1662781851384807e-11
14,4.514285714285714,-0.8221800325735336,0.11204160132007535,-0.7101384312534582,-0.7101384312387566,1.4701573292086323e-11
14,4.85,-0.8263916839394876,0.15583103618829142,-0.6705606477511962,-0.6705606477567607,-5.564548821723747e-12
15,0.15,-0.7650983913660728,0.22433091827666696,-0.5407674730894059,-0.5407674730913599,-1.9539925233402755e-12
15,0.48571428571428565,-0.7660270798729547,0.24656471646285427,-0.5194623634101004,-0.5194623634183677,-8.267275752871228e-12
15,0.8214285714285714,-0.7679107446223495,0.2410422830220229,-0.5268684616003266,-0.5268684615908347,9.491962771335238e-12
15,1.157142857142857,-0.77069643593911,0.21148127255665206,-0.5592151633824579,-0.5592151633773689,5.0890403002767925e-12
15,1.4928571428571427,-0.7743058482487807,0.16308493841292526,-0.6112209098358554,-0.6112209098454076,-9.552136859269922e-12
15,1.8285714285714283,-0.7786375212414358,0.10197493049502859,-0.6766625907464072,-0.6766625907465387,-1.3145040611561853e-13
15,2.164285714285714,-0.7835696919133991,0.034863127661739934,-0.7487065642516592,-0.748706564255667,-4.0077940965943526e-12
15,2.4999999999999996,-0.7889637173161657,-0.0315785551690132,-0.8205422724851789,-0.820542272496801,-1.1622147688683526e-11
15,2.8357142857142854,-0.7946679717993087,-0.09154876424640523,-0.8862167360457139,-0.8862167360716247,-2.591071801560929e-11
15,3.1714285714285713,-0.8005221091961673,-0.14064888274445486,-0.9411709919406221,-0.9411709919693311,-2.8708924126874535e-11
15,3.5071428571428567,-0.8063615701425921,-0.1758224490083029,-0.982184019150895,-0.9821840191474398,3.455236097238412e-12
15,3.8428571428571425,-0.8120222078283571,-0.19490516297226412,-1.0069273708006212,-1.0069273708113167,-1.0695444530028908e-11
15,4.178571428571429,-0.8173449021517116,-0.19628262377491112,-1.0136275259266228,-1.013627525927226,-6.032951915813101e-13
15,4.514285714285714,-0.8221800325735336,-0.1791021219671196,-1.0012821545406532,-1.0012821545464974,-5.844214001626824e-12
15,4.85,-0.8263916839394876,-0.14418164340951323,-0.9705733273490008,-0.9705733273672004,-1.8199552975772804e-11
16,0.15,-0.7650983913660728,-0.16957342122206642,-0.9346718125881393,-0.9346718125887812,-6.419309528382655e-13
16,0.48571428571428565,-0.7660270798729547,-0.19762613306938737,-0.9636532129423421,-0.9636532129440414,-1.6993073614912646e-12
16,0.8214285714285714,-0.7679107446223495,-0.2144321326148142,-0.9823428772371637,-0.9823428772273711,9.79261116640373e-12
16,1.157142857142857,-0.77069643593911,-0.21540589428834322,-0.9861023302274532,-0.9861023302165649,1.0888290269406298e-11
16,1.4928571428571427,-0.7743058482487807,-0.19526579288117507,-0.9695716411299558,-0.9695716411230643,6.891487380755734e-12
16,1.8285714285714283,-0.7786375212414358,-0.15056930065982232,-0.9292068219012581,-0.9292068218998601,1.3979928326079971e-12
16,2.164285714285714,-0.7835696919133991,-0.08332305058747547,-0.8668927425008746,-0.8668927425024378,-1.5631940186722204e-12
16,2.4999999999999996,-0.7889637173161657,-0.003010468297536595,-0.7919741856137023,-0.7919741856395508,-2.5848545526230282e-11
16,2.8357142857142854,-0.7946679717993087,0.07589168565992788,-0.7187762861393808,-0.7187762861478781,-8.49731396357356e-12
16,3.1714285714285713,-0.8005221091961673,0.1399989768513693,-0.660523132344798,-0.660523132363829,-1.9030998998914583e-11
16,3.5071428571428567,-0.8063615701425921,0.18190262420727643,-0.6244589459353157,-0.6244589459266277,8.688050279204163e-12
16,3.8428571428571425,-0.8120222078283571,0.20070136299654473,-0.6113208448318124,-0.611320844832545,-7.326361739501408e-13
16,4.178571428571429,-0.8173449021517116,0.19949922810601362,-0.617845674045698,-0.6178456740428088,2.8892443992845074e-12
16,4.514285714285714,-0.8221800325735336,0.1826889925468166,-0.639491040026717,-0.639491040025734,9.829914660031136e-13
16,4.85,-0.8263916839394876,0.15443149130898037,-0.6719601926305072,-0.6719601926441497,-1.3642531548896386e-11
17,0.15,-0.7650983913660728,-0.18030149418216035,-0.9453998855482332,-0.9453998855449285,3.304689855099241e-12
17,0.48571428571428565,-0.7660270798729547,-0.10798150148505192,-0.8740085813580066,-0.874008581353928,4.0786263255654376e-12
17,0.8214285714285714,-0.7679107446223495,-0.022083358952362797,-0.7899941035747123,-0.7899941035611571,1.3555268019160849e-11
17,1.157142857142857,-0.77069643593911,0.06104359957262173,-0.7096528363664882,-0.7096528363513079,1.518030146030469e-11
17,1.4928571428571427,-0.7743058482487807,0.12525321142441437,-0.6490526368243663,-0.649052636817841,6.5253358272343576e-12
17,1.8285714285714283,-0.7786375212414358,0.16083901752991703,-0.6177985037115188,-0.6177985037085035,3.0152547125794626e-12
17,2.164285714285714,-0.7835696919133991,0.16696243349355944,-0.6166072584198397,-0.6166072584273817,-7.542078073186076e-12
17,2.4999999999999996,-0.7889637173161657,0.1494332568410942,-0.6395304604750714,-0.6395304604805973,-5.525802038164329e-12
17,2.8357142857142854,-0.7946679717993087,0.11653561878874252,-0.6781323530105662,-0.6781323530287893,-1.8223089703894857e-11
17,3.1714285714285713,-0.8005221091961673,0.07572491869147224,-0.724797190504695,-0.7247971905451529,-4.0457859284970255e-11
17,3.5071428571428567,-0.8063615701425921,0.03222911574143039,-0.7741324544011617,-0.774132454395282,5.879741138414829e-12
17,3.8428571428571425,-0.8120222078283571,-0.010850883076294893,-0.822873090904652,-0.8228730909073019,-2.6498803151753236e-12
17,4.178571428571429,-0.8173449021517116,-0.05175175888750627,-0.8690966610392179,-0.8690966610343704,4.8474557701183585e-12
17,4.514285714285714,-0.8221800325735336,-0.08915113564574684,-0.9113311682192804,-0.9113311682222105,-2.930100606590713e-12
17,4.85,-0.8263916839394876,-0.12142095544644227,-0.9478126393859299,-0.9478126393939559,-8.026024289620182e-12
18,0.15,-0.7650983913660728,0.16035021357241386,-0.604748177793659,-0.6047481777924033,1.255662240851052e-12
18,0.48571428571428565,-0.7660270798729547,0.12069754646989794,-0.6453295334030568,-0.6453295334062774,-3.2206459721351166e-12
18,0.8214285714285714,-0.7679107446223495,0.07400821092128573,-0.6939025337010638,-0.6939025337007741,2.8965718712470334e-13
18,1.157142857142857,-0.77069643593911,0.021717110346412216,-0.7489793255926978,-0.7489793255853934,7.30437932361383e-12
18,1.4928571428571427,-0.7743058482487807,-0.03366439773409502,-0.8079702459828757,-0.8079702459848347,-1.9589885269510887e-12
18,1.8285714285714283,-0.7786375212414358,-0.0878483091597374,-0.8664858304011732,-0.8664858303993512,1.8219870057123444e-12
18,2.164285714285714,-0.7835696919133991,-0.13475240648159004,-0.9183220983949891,-0.9183220984014064,-6.41731112693833e-12
18,2.4999999999999996,-0.7889637173161657,-0.16737680462816718,-0.9563405219443328,-0.9563405219496315,-5.298650407326022e-12
18,2.8357142857142854,-0.7946679717993087,-0.1793617269749893,-0.974029698774298,-0.9740296988081097,-3.381173119265668e-11
18,3.1714285714285713,-0.8005221091961673,-0.16673949896392937,-0.9672616081600967,-0.9672616081942326,-3.4135916315847226e-11
18,3.5071428571428567,-0.8063615701425921,-0.12944972266242138,-0.9358112928050135,-0.9358112927996634,5.350164755668629e-12
18,3.8428571428571425,-0.8120222078283571,-0.0722140083996432,-0.8842362162280003,-0.8842362162327551,-4.754752147562158e-12
18,4.178571428571429,-0.8173449021517116,-0.0041737789025073635,-0.821518681054219,-0.8215186810693145,-1.509548042122333e-11
18,4.514285714285714,-0.8221800325735336,0.06313770321329726,-0.7590423293602363,-0.7590423293550121,5.224154442373674e-12
18,4.85,-0.8263916839394876,0.11892644828674359,-0.707465235652744,-0.707465235642394,1.034994312476556e-11
19,0.15,-0.7650983913660728,0.07119625938086582,-0.693902131985207,-0.6939021319857703,-5.633271626948044e-13
19,0.48571428571428565,-0.7660270798729547,0.04305810749743377,-0.7229689723755209,-0.7229689723765169,-9.95981075391228e-13
19,0.8214285714285714,-0.7679107446223495,0.010804034395289097,-0.7571067102270604,-0.7571067102122666,1.4793832825432673e-11
19,1.157142857142857,-0.77069643593911,-0.02429543746115137,-0.7949918734002613,-0.7949918733841468,1.611455413552676e-11
19,1.4928571428571427,-0.7743058482487807,-0.05952604867069711,-0.8338318969194778,-0.8338318969144016,5.076161713191141e-12
19,1.8285714285714283,-0.7786375212414358,-0.09039876987805961,-0.8690362911194954,-0.8690362911067949,1.270050731250194e-11
19,2.164285714285714,-0.7835696919133991,-0.11110924554508905,-0.8946789374584881,-0.8946789374640143,-5.526135105071717e-12
19,2.4999999999999996,-0.7889637173161657,-0.11599234745672848,-0.9049560647728941,-0.9049560647872433,-1.4349188504070298e-11
19,2.8357142857142854,-0.7946679717993087,-0.10157864300973485,-0.8962466148090436,-0.8962466148269379,-1.7894352666303348e-11
19,3.1714285714285713,-0.8005221091961673,-0.06833506994686933,-0.8688571791430366,-0.8688571791667006,-2.366395968067536e-11
19,3.5071428571428567,-0.8063615701425921,-0.021159815957663697,-0.8275213861002558,-0.8275213861023514,-2.095545958979983e-12
19,3.8428571428571425,-0.8120222078283571,0.03175625893525169,-0.7802659488931054,-0.7802659489168176,-2.3712143359944093e-11
19,4.178571428571429,-0.8173449021517116,0.08125149032174472,-0.7360934118299669,-0.7360934118498066,-1.9839685450051547e-11
19,4.514285714285714,-0.8221800325735336,0.11959767466497884,-0.7025823579085547,-0.7025823579143163,-5.761613408594712e-12
19,4.85,-0.8263916839394876,0.14195720672167678,-0.6844344772178108,-0.6844344772179618,-1.509903313490213e-13
20,0.15,-0.7650983913660728,0.2347543648668996,-0.5303440264991732,-0.5303440264978891,1.284083950281456e-12
20,0.48571428571428565,-0.7660270798729547,0.24544990000981382,-0.5205771798631409,-0.5205771798670137,-3.8727909767999336e-12
20,0.8214285714285714,-0.7679107446223495,0.23110610776746687,-0.5368046368548827,-0.5368046368447084,1.017430584226986e-11
20,1.157142857142857,-0.77069643593911,0.19544931001846377,-0.5752471259206462,-0.57524712591267,7.976175275814512e-12
20,1.4928571428571427,-0.7743058482487807,0.14315299133920478,-0.6311528569095759,-0.631152856912324,-2.74813505285465e-12
20,1.8285714285714283,-0.7786375212414358,0.07971503594228546,-0.6989224852991504,-0.6989224852926855,6.4648286723922865e-12
20,2.164285714285714,-0.7835696919133991,0.01133702308577822,-0.7722326688276209,-0.772232668829383,-1.7621459846850485e-12
20,2.4999999999999996,-0.7889637173161657,-0.05563866612242918,-0.8446023834385948,-0.8446023834494478,-1.0852985177223218e-11
20,2.8357142857142854,-0.7946679717993087,-0.11554628493880026,-0.910214256738109,-0.9102142567570433,-1.8934298573469732e-11
20,3.1714285714285713,-0.8005221091961673,-0.16392434856047422,-0.9644464577566415,-0.9644464577740485,-1.7406964758492904e-11
20,3.5071428571428567,-0.8063615701425921,-0.19744771330244393,-1.003809283445036,-1.0038092834378323,7.203793117582791e-12
20,3.8428571428571425,-0.8120222078283571,-0.21348602252055093,-1.025508230348908,-1.0255082303641434,-1.5235368522326098e-11
20,4.178571428571429,-0.8173449021517116,-0.2098368860987614,-1.027181788250473,-1.0271817882545606,-4.087619132064901e-12
20,4.514285714285714,-0.8221800325735336,-0.18515337759071238,-1.007333410164246,-1.0073334101653082,-1.0622613899613498e-12
20,4.85,-0.8263916839394876,-0.1402377899166264,-0.966629473856114,-0.9666294738660169,-9.902967335051471e-12
21,0.15,-0.7650983913660728,0.12423858375147245,-0.6408598076146004,-0.6408598076159769,-1.3765655282327316e-12
21,0.48571428571428565,-0.7660270798729547,0.15730859860441848,-0.6087184812685362,-0.608718481270402,-1.8657297928825756e-12
21,0.8214285714285714,-0.7679107446223495,0.16993577109742486,-0.5979749735249247,-0.5979749735184521,6.472600233564663e-12
21,1.157142857142857,-0.77069643593911,0.1616377214898721,-0.6090587144492379,-0.6090587144347291,1.4508727552708933e-11
21,1.4928571428571427,-0.7743058482487807,0.134883468358997,-0.6394223798897837,-0.639422379890749,-9.653389199115736e-13
21,1.8285714285714283,-0.7786375212414358,0.09442489266137633,-0.6842126285800595,-0.6842126285738769,6.182609979532572e-12
21,2.164285714285714,-0.7835696919133991,0.04648908556936027,-0.7370806063440388,-0.7370806063602038,-1.6164958260844742e-11
21,2.4999999999999996,-0.7889637173161657,-0.00233251457448147,-0.7912962318906471,-0.7912962319093588,-1.8711698857032388e-11
21,2.8357142857142854,-0.7946679717993087,-0.046287352954255456,-0.8409553247535642,-0.840955324776793,-2.3228863277324763e-11
21,3.1714285714285713,-0.8005221091961673,-0.08127214448998643,-0.8817942536861537,-0.8817942537005703,-1.4416579041665045e-11
21,3.5071428571428567,-0.8063615701425921,-0.10498483556175187,-0.911346405704344,-0.9113464057075581,-3.214095656289828e-12
21,3.8428571428571425,-0.8120222078283571,-0.1166055276649074,-0.9286277354932645,-0.9286277354951058,-1.841304886340822e-12
21,4.178571428571429,-0.8173449021517116,-0.11640904362291937,-0.933753945774631,-0.9337539457846913,-1.0060285937640856e-11
21,4.514285714285714,-0.8221800325735336,-0.10558918030674824,-0.9277692128802818,-0.9277692128846955,-4.41369163439731e-12
21,4.85,-0.8263916839394876,-0.08631205042020262,-0.9127037343596902,-0.9127037343681365,-8.446243704440803e-12
22,0.15,-0.7650983913660728,-0.09244488720064026,-0.8575432785667131,-0.857543278558366,8.347100788341777e-12
22,0.48571428571428565,-0.7660270798729547,-0.11150286641793161,-0.8775299462908863,-0.8775299462947712,-3.884892407768348e-12
22,0.8214285714285714,-0.7679107446223495,-0.12480555995892362,-0.8927163045812732,-0.892716304570773,1.0500156299997343e-11
22,1.157142857142857,-0.77069643593911,-0.13085253726718638,-0.9015489732062963,-0.9015489731959794,1.0316969500934192e-11
22,1.4928571428571427,-0.7743058482487807,-0.12748855428656425,-0.9017944025353449,-0.901794402532093,3.251954261429546e-12
22,1.8285714285714283,-0.7786375212414358,-0.11256324635495063,-0.8912007675963864,-0.8912007675961526,2.3381296898605797e-13
22,2.164285714285714,-0.7835696919133991,-0.08519719459159236,-0.8687668865049915,-0.8687668865146416,-9.650169552344323e-12
22,2.4999999999999996,-0.7889637173161657,-0.04708588918327461,-0.8360496064994403,-0.8360496065081453,-8.705036691480927e-12
22,2.8357142857142854,-0.7946679717993087,-0.0028287532337285537,-0.7974967250330373,-0.7974967250505096,-1.7472356894643326e-11
22,3.1714285714285713,-0.8005221091961673,0.04125817646420682,-0.7592639327319605,-0.7592639327554569,-2.3496427026259425e-11
22,3.5071428571428567,-0.8063615701425921,0.07918239926843174,-0.7271791708741604,-0.7271791708747994,-6.390443729742401e-13
22,3.8428571428571425,-0.8120222078283571,0.10687034101048165,-0.7051518668178755,-0.7051518668255151,-7.639666677050627e-12
22,4.178571428571429,-0.8173449021517116,0.12260492616842356,-0.6947399759832881,-0.6947399759945256,-1.1237566432953372e-11
22,4.514285714285714,-0.8221800325735336,0.12655675851604586,-0.6956232740574877,-0.6956232740717992,-1.4311551943535505e-11
22,4.85,-0.8263916839394876,0.12005644005601446,-0.7063352438834731,-0.7063352438811212,2.3518964553659316e-12
23,0.15,-0.7650983913660728,-0.18875291620020673,-0.9538513075662796,-0.9538513075663458,-6.628031457012185e-14
23,0.48571428571428565,-0.7660270798729547,-0.2107581395452065,-0.9767852194181612,-0.9767852194216459,-3.484657007390979e-12
23,0.8214285714285714,-0.7679107446223495,-0.21912427105715893,-0.9870350156795085,-0.9870350156713594,8.149037000748649e-12
23,1.157142857142857,-0.77069643593911,-0.20920980675750833,-0.9799062426966183,-0.9799062426864752,1.0143108575277893e-11
23,1.4928571428571427,-0.7743058482487807,-0.1765633717384849,-0.9508692199872656,-0.9508692199770388,1.022681939133463e-11
23,1.8285714285714283,-0.7786375212414358,-0.11993520268571733,-0.8985727239271531,-0.8985727239183929,8.760214775804798e-12
23,2.164285714285714,-0.7835696919133991,-0.04454180440401356,-0.8281114963174127,-0.8281114963148982,2.5144331061710545e-12
23,2.4999999999999996,-0.7889637173161657,0.03751836980663226,-0.7514453475095334,-0.7514453475206591,-1.1125655952071156e-11
23,2.8357142857142854,-0.7946679717993087,0.1115468300934408,-0.6831211417058679,-0.6831211417035464,2.3214763444912023e-12
23,3.1714285714285713,-0.8005221091961673,0.16641940218170237,-0.6341027070144649,-0.6341027070274248,-1.2959855411054377e-11
23,3.5071428571428567,-0.8063615701425921,0.19777724459212565,-0.6085843255504665,-0.6085843255528485,-2.3819834993332734e-12
23,3.8428571428571425,-0.8120222078283571,0.2069141535752398,-0.6051080542531173,-0.6051080542579522,-4.834910249940094e-12
23,4.178571428571429,-0.8173449021517116,0.19781765402524576,-0.6195272481264659,-0.6195272481246404,1.8254286970886824e-12
23,4.514285714285714,-0.8221800325735336,0.1748313596845117,-0.6473486728890219,-0.6473486728886256,3.9623859748871837e-13
23,4.85,-0.8263916839394876,0.14165140788898478,-0.6847402760505028,-0.684740276054215,-3.7121417051366734e-12
24,0.15,-0.7650983913660728,-0.08061035212831458,-0.8457087434943874,-0.8457087434972365,-2.8490543257930767e-12
24,0.48571428571428565,-0.7660270798729547,-0.0229383827187446,-0.7889654625916993,-0.788965462591995,-2.956523914576792e-13
24,0.8214285714285714,-0.7679107446223495,0.03427262029750633,-0.7336381243248432,-0.7336381243172595,7.58371143660952e-12
24,1.157142857142857,-0.77069643593911,0.08063195996251349,-0.6900644759765965,-0.6900644759647947,1.1801781774067877e-11
24,1.4928571428571427,-0.7743058482487807,0.10852964432570777,-0.6657762039230729,-0.6657762039267526,-3.679723192817619e-12
24,1.8285714285714283,-0.7786375212414358,0.11521950672454206,-0.6634180145168938,-0.6634180145172659,-3.7214675785435247e-13
24,2.164285714285714,-0.7835696919133991,0.10286829470166503,-0.6807013972117341,-0.6807013972061811,5.5530025022676455e-12
24,2.4999999999999996,-0.7889637173161657,0.07681046451497242,-0.7121532528011932,-0.7121532528113019,-1.0108691661514513e-11
24,2.8357142857142854,-0.7946679717993087,0.043183595887112514,-0.7514843759121962,-0.7514843759326427,-2.0446533355311658e-11
24,3.1714285714285713,-0.8005221091961673,0.007147649232173925,-0.7933744599639934,-0.7933744599730729,-9.079514917686993e-12
24,3.5071428571428567,-0.8063615701425921,-0.027779283334119165,-0.8341408534767113,-0.834140853474737,1.974309604690916e-12
24,3.8428571428571425,-0.8120222078283571,-0.05946726353345799,-0.8714894713618151,-0.8714894713675776,-5.7625015870144125e-12
24,4.178571428571429,-0.8173449021517116,-0.08650907260764096,-0.9038539747593526,-0.9038539747763251,-1.697253448895708e-11
24,4.514285714285714,-0.8221800325735336,-0.10755901543642332,-0.9297390480099569,-0.9297390480259939,-1.6037060568407924e-11
24,4.85,-0.8263916839394876,-0.12090211852795407,-0.9472938024674417,-0.9472938024723819,-4.9402704149770216e-12
25,0.15,-0.7650983913660728,-0.20239647607237865,-0.9674948674384515,-0.9674948674346279,3.823608096809039e-12
25,0.48571428571428565,-0.7660270798729547,-0.1421807043587009,-0.9082077842316556,-0.9082077842341902,-2.5346391652192324e-12
25,0.8214285714285714,-0.7679107446223495,-0.06375296050612211,-0.8316637051284717,-0.8316637051244042,4.0674130730167235e-12
25,1.157142857142857,-0.77069643593911,0.019540738119645407,-0.7511556978194646,-0.7511556978108864,8.578138199766272e-12
25,1.4928571428571427,-0.7743058482487807,0.09185986179824701,-0.6824459864505337,-0.6824459864533208,-2.787103881018993e-12
25,1.8285714285714283,-0.7786375212414358,0.14097811334940935,-0.6376594078920265,-0.6376594078844054,7.621014930236925e-12
25,2.164285714285714,-0.7835696919133991,0.1625058799582706,-0.6210638119551285,-0.6210638119609941,-5.8656413060020896e-12
25,2.4999999999999996,-0.7889637173161657,0.15950804284620146,-0.6294556744699642,-0.6294556744760685,-6.104339256296498e-12
25,2.8357142857142854,-0.7946679717993087,0.13893915668535772,-0.655728815113951,-0.6557288151335753,-1.9624302183274267e-11
25,3.1714285714285713,-0.8005221091961673,0.10798815936752915,-0.6925339498286381,-0.6925339498568364,-2.8198221535546963e-11
25,3.5071428571428567,-0.8063615701425921,0.07209433249933084,-0.7342672376432613,-0.7342672376305555,1.2705836383020142e-11
25,3.8428571428571425,-0.8120222078283571,0.03461172300850135,-0.7774104848198558,-0.777410484823863,-4.00723898508204e-12
25,4.178571428571429,-0.8173449021517116,-0.002645660212784562,-0.8199905623644962,-0.8199905623618163,2.679856336840203e-12
25,4.514285714285714,-0.8221800325735336,-0.0386298175387606,-0.8608098501122942,-0.8608098501246737,-1.2379541836082808e-11
25,4.85,-0.8263916839394876,-0.07236387675445866,-0.8987555606939462,-0.8987555607002187,-6.272427022224747e-12
