state_index,frequency_index,angle_index,x_center,nu_center_Hz,nx,ny,nz,normalized_angular_weight
0,0,0,-4.0,2465836062701727.0,-1.0,0.0,0.0,0.047619047619047616
1,0,1,-4.0,2465836062701727.0,1.0,0.0,0.0,0.047619047619047616
2,0,2,-4.0,2465836062701727.0,0.0,-1.0,0.0,0.047619047619047616
3,0,3,-4.0,2465836062701727.0,0.0,1.0,0.0,0.047619047619047616
4,0,4,-4.0,2465836062701727.0,0.0,0.0,-1.0,0.047619047619047616
5,0,5,-4.0,2465836062701727.0,0.0,0.0,1.0,0.047619047619047616
6,0,6,-4.0,2465836062701727.0,0.0,-0.7071067811865475,-0.7071067811865475,0.0380952380952381
7,0,7,-4.0,2465836062701727.0,0.0,-0.7071067811865475,0.7071067811865475,0.0380952380952381
8,0,8,-4.0,2465836062701727.0,0.0,0.7071067811865475,-0.7071067811865475,0.0380952380952381
9,0,9,-4.0,2465836062701727.0,0.0,0.7071067811865475,0.7071067811865475,0.0380952380952381
10,0,10,-4.0,2465836062701727.0,-0.7071067811865475,0.0,-0.7071067811865475,0.0380952380952381
11,0,11,-4.0,2465836062701727.0,-0.7071067811865475,0.0,0.7071067811865475,0.0380952380952381
12,0,12,-4.0,2465836062701727.0,0.7071067811865475,0.0,-0.7071067811865475,0.0380952380952381
13,0,13,-4.0,2465836062701727.0,0.7071067811865475,0.0,0.7071067811865475,0.0380952380952381
14,0,14,-4.0,2465836062701727.0,-0.7071067811865475,-0.7071067811865475,0.0,0.0380952380952381
15,0,15,-4.0,2465836062701727.0,-0.7071067811865475,0.7071067811865475,0.0,0.0380952380952381
16,0,16,-4.0,2465836062701727.0,0.7071067811865475,-0.7071067811865475,0.0,0.0380952380952381
17,0,17,-4.0,2465836062701727.0,0.7071067811865475,0.7071067811865475,0.0,0.0380952380952381
18,0,18,-4.0,2465836062701727.0,-0.5773502691896258,-0.5773502691896258,-0.5773502691896258,0.03214285714285714
19,0,19,-4.0,2465836062701727.0,-0.5773502691896258,-0.5773502691896258,0.5773502691896258,0.03214285714285714
20,0,20,-4.0,2465836062701727.0,-0.5773502691896258,0.5773502691896258,-0.5773502691896258,0.03214285714285714
21,0,21,-4.0,2465836062701727.0,-0.5773502691896258,0.5773502691896258,0.5773502691896258,0.03214285714285714
22,0,22,-4.0,2465836062701727.0,0.5773502691896258,-0.5773502691896258,-0.5773502691896258,0.03214285714285714
23,0,23,-4.0,2465836062701727.0,0.5773502691896258,-0.5773502691896258,0.5773502691896258,0.03214285714285714
24,0,24,-4.0,2465836062701727.0,0.5773502691896258,0.5773502691896258,-0.5773502691896258,0.03214285714285714
25,0,25,-4.0,2465836062701727.0,0.5773502691896258,0.5773502691896258,0.5773502691896258,0.03214285714285714
26,1,0,-3.5,2465864999762483.0,-1.0,0.0,0.0,0.047619047619047616
27,1,1,-3.5,2465864999762483.0,1.0,0.0,0.0,0.047619047619047616
28,1,2,-3.5,2465864999762483.0,0.0,-1.0,0.0,0.047619047619047616
29,1,3,-3.5,2465864999762483.0,0.0,1.0,0.0,0.047619047619047616
30,1,4,-3.5,2465864999762483.0,0.0,0.0,-1.0,0.047619047619047616
31,1,5,-3.5,2465864999762483.0,0.0,0.0,1.0,0.047619047619047616
32,1,6,-3.5,2465864999762483.0,0.0,-0.7071067811865475,-0.7071067811865475,0.0380952380952381
33,1,7,-3.5,2465864999762483.0,0.0,-0.7071067811865475,0.7071067811865475,0.0380952380952381
34,1,8,-3.5,2465864999762483.0,0.0,0.7071067811865475,-0.7071067811865475,0.0380952380952381
35,1,9,-3.5,2465864999762483.0,0.0,0.7071067811865475,0.7071067811865475,0.0380952380952381
36,1,10,-3.5,2465864999762483.0,-0.7071067811865475,0.0,-0.7071067811865475,0.0380952380952381
37,1,11,-3.5,2465864999762483.0,-0.7071067811865475,0.0,0.7071067811865475,0.0380952380952381
38,1,12,-3.5,2465864999762483.0,0.7071067811865475,0.0,-0.7071067811865475,0.0380952380952381
39,1,13,-3.5,2465864999762483.0,0.7071067811865475,0.0,0.7071067811865475,0.0380952380952381
40,1,14,-3.5,2465864999762483.0,-0.7071067811865475,-0.7071067811865475,0.0,0.0380952380952381
41,1,15,-3.5,2465864999762483.0,-0.7071067811865475,0.7071067811865475,0.0,0.0380952380952381
42,1,16,-3.5,2465864999762483.0,0.7071067811865475,-0.7071067811865475,0.0,0.0380952380952381
43,1,17,-3.5,2465864999762483.0,0.7071067811865475,0.7071067811865475,0.0,0.0380952380952381
44,1,18,-3.5,2465864999762483.0,-0.5773502691896258,-0.5773502691896258,-0.5773502691896258,0.03214285714285714
45,1,19,-3.5,2465864999762483.0,-0.5773502691896258,-0.5773502691896258,0.5773502691896258,0.03214285714285714
46,1,20,-3.5,2465864999762483.0,-0.5773502691896258,0.5773502691896258,-0.5773502691896258,0.03214285714285714
47,1,21,-3.5,2465864999762483.0,-0.5773502691896258,0.5773502691896258,0.5773502691896258,0.03214285714285714
48,1,22,-3.5,2465864999762483.0,0.5773502691896258,-0.5773502691896258,-0.5773502691896258,0.03214285714285714
49,1,23,-3.5,2465864999762483.0,0.5773502691896258,-0.5773502691896258,0.5773502691896258,0.03214285714285714
50,1,24,-3.5,2465864999762483.0,0.5773502691896258,0.5773502691896258,-0.5773502691896258,0.03214285714285714
51,1,25,-3.5,2465864999762483.0,0.5773502691896258,0.5773502691896258,0.5773502691896258,0.03214285714285714
52,2,0,-3.0,2465893936823239.5,-1.0,0.0,0.0,0.047619047619047616
53,2,1,-3.0,2465893936823239.5,1.0,0.0,0.0,0.047619047619047616
54,2,2,-3.0,2465893936823239.5,0.0,-1.0,0.0,0.047619047619047616
55,2,3,-3.0,2465893936823239.5,0.0,1.0,0.0,0.047619047619047616
56,2,4,-3.0,2465893936823239.5,0.0,0.0,-1.0,0.047619047619047616
57,2,5,-3.0,2465893936823239.5,0.0,0.0,1.0,0.047619047619047616
58,2,6,-3.0,2465893936823239.5,0.0,-0.7071067811865475,-0.7071067811865475,0.0380952380952381
59,2,7,-3.0,2465893936823239.5,0.0,-0.7071067811865475,0.7071067811865475,0.0380952380952381
60,2,8,-3.0,2465893936823239.5,0.0,0.7071067811865475,-0.7071067811865475,0.0380952380952381
61,2,9,-3.0,2465893936823239.5,0.0,0.7071067811865475,0.7071067811865475,0.0380952380952381
62,2,10,-3.0,2465893936823239.5,-0.7071067811865475,0.0,-0.7071067811865475,0.0380952380952381
63,2,11,-3.0,2465893936823239.5,-0.7071067811865475,0.0,0.7071067811865475,0.0380952380952381
64,2,12,-3.0,2465893936823239.5,0.7071067811865475,0.0,-0.7071067811865475,0.0380952380952381
65,2,13,-3.0,2465893936823239.5,0.7071067811865475,0.0,0.7071067811865475,0.0380952380952381
66,2,14,-3.0,2465893936823239.5,-0.7071067811865475,-0.7071067811865475,0.0,0.0380952380952381
67,2,15,-3.0,2465893936823239.5,-0.7071067811865475,0.7071067811865475,0.0,0.0380952380952381
68,2,16,-3.0,2465893936823239.5,0.7071067811865475,-0.7071067811865475,0.0,0.0380952380952381
69,2,17,-3.0,2465893936823239.5,0.7071067811865475,0.7071067811865475,0.0,0.0380952380952381
70,2,18,-3.0,2465893936823239.5,-0.5773502691896258,-0.5773502691896258,-0.5773502691896258,0.03214285714285714
71,2,19,-3.0,2465893936823239.5,-0.5773502691896258,-0.5773502691896258,0.5773502691896258,0.03214285714285714
72,2,20,-3.0,2465893936823239.5,-0.5773502691896258,0.5773502691896258,-0.5773502691896258,0.03214285714285714
73,2,21,-3.0,2465893936823239.5,-0.5773502691896258,0.5773502691896258,0.5773502691896258,0.03214285714285714
74,2,22,-3.0,2465893936823239.5,0.5773502691896258,-0.5773502691896258,-0.5773502691896258,0.03214285714285714
75,2,23,-3.0,2465893936823239.5,0.5773502691896258,-0.5773502691896258,0.5773502691896258,0.03214285714285714
76,2,24,-3.0,2465893936823239.5,0.5773502691896258,0.5773502691896258,-0.5773502691896258,0.03214285714285714
77,2,25,-3.0,2465893936823239.5,0.5773502691896258,0.5773502691896258,0.5773502691896258,0.03214285714285714
78,3,0,-2.5,2465922873883995.5,-1.0,0.0,0.0,0.047619047619047616
79,3,1,-2.5,2465922873883995.5,1.0,0.0,0.0,0.047619047619047616
80,3,2,-2.5,2465922873883995.5,0.0,-1.0,0.0,0.047619047619047616
81,3,3,-2.5,2465922873883995.5,0.0,1.0,0.0,0.047619047619047616
82,3,4,-2.5,2465922873883995.5,0.0,0.0,-1.0,0.047619047619047616
83,3,5,-2.5,2465922873883995.5,0.0,0.0,1.0,0.047619047619047616
84,3,6,-2.5,2465922873883995.5,0.0,-0.7071067811865475,-0.7071067811865475,0.0380952380952381
85,3,7,-2.5,2465922873883995.5,0.0,-0.7071067811865475,0.7071067811865475,0.0380952380952381
86,3,8,-2.5,2465922873883995.5,0.0,0.7071067811865475,-0.7071067811865475,0.0380952380952381
87,3,9,-2.5,2465922873883995.5,0.0,0.7071067811865475,0.7071067811865475,0.0380952380952381
88,3,10,-2.5,2465922873883995.5,-0.7071067811865475,0.0,-0.7071067811865475,0.0380952380952381
89,3,11,-2.5,2465922873883995.5,-0.7071067811865475,0.0,0.7071067811865475,0.0380952380952381
90,3,12,-2.5,2465922873883995.5,0.7071067811865475,0.0,-0.7071067811865475,0.0380952380952381
91,3,13,-2.5,2465922873883995.5,0.7071067811865475,0.0,0.7071067811865475,0.0380952380952381
92,3,14,-2.5,2465922873883995.5,-0.7071067811865475,-0.7071067811865475,0.0,0.0380952380952381
93,3,15,-2.5,2465922873883995.5,-0.7071067811865475,0.7071067811865475,0.0,0.0380952380952381
94,3,16,-2.5,2465922873883995.5,0.7071067811865475,-0.7071067811865475,0.0,0.0380952380952381
95,3,17,-2.5,2465922873883995.5,0.7071067811865475,0.7071067811865475,0.0,0.0380952380952381
96,3,18,-2.5,2465922873883995.5,-0.5773502691896258,-0.5773502691896258,-0.5773502691896258,0.03214285714285714
97,3,19,-2.5,2465922873883995.5,-0.5773502691896258,-0.5773502691896258,0.5773502691896258,0.03214285714285714
98,3,20,-2.5,2465922873883995.5,-0.5773502691896258,0.5773502691896258,-0.5773502691896258,0.03214285714285714
99,3,21,-2.5,2465922873883995.5,-0.5773502691896258,0.5773502691896258,0.5773502691896258,0.03214285714285714
100,3,22,-2.5,2465922873883995.5,0.5773502691896258,-0.5773502691896258,-0.5773502691896258,0.03214285714285714
101,3,23,-2.5,2465922873883995.5,0.5773502691896258,-0.5773502691896258,0.5773502691896258,0.03214285714285714
102,3,24,-2.5,2465922873883995.5,0.5773502691896258,0.5773502691896258,-0.5773502691896258,0.03214285714285714
103,3,25,-2.5,2465922873883995.5,0.5773502691896258,0.5773502691896258,0.5773502691896258,0.03214285714285714
104,4,0,-2.0,2465951810944752.0,-1.0,0.0,0.0,0.047619047619047616
105,4,1,-2.0,2465951810944752.0,1.0,0.0,0.0,0.047619047619047616
106,4,2,-2.0,2465951810944752.0,0.0,-1.0,0.0,0.047619047619047616
107,4,3,-2.0,2465951810944752.0,0.0,1.0,0.0,0.047619047619047616
108,4,4,-2.0,2465951810944752.0,0.0,0.0,-1.0,0.047619047619047616
109,4,5,-2.0,2465951810944752.0,0.0,0.0,1.0,0.047619047619047616
110,4,6,-2.0,2465951810944752.0,0.0,-0.7071067811865475,-0.7071067811865475,0.0380952380952381
111,4,7,-2.0,2465951810944752.0,0.0,-0.7071067811865475,0.7071067811865475,0.0380952380952381
112,4,8,-2.0,2465951810944752.0,0.0,0.7071067811865475,-0.7071067811865475,0.0380952380952381
113,4,9,-2.0,2465951810944752.0,0.0,0.7071067811865475,0.7071067811865475,0.0380952380952381
114,4,10,-2.0,2465951810944752.0,-0.7071067811865475,0.0,-0.7071067811865475,0.0380952380952381
115,4,11,-2.0,2465951810944752.0,-0.7071067811865475,0.0,0.7071067811865475,0.0380952380952381
116,4,12,-2.0,2465951810944752.0,0.7071067811865475,0.0,-0.7071067811865475,0.0380952380952381
117,4,13,-2.0,2465951810944752.0,0.7071067811865475,0.0,0.7071067811865475,0.0380952380952381
118,4,14,-2.0,2465951810944752.0,-0.7071067811865475,-0.7071067811865475,0.0,0.0380952380952381
119,4,15,-2.0,2465951810944752.0,-0.7071067811865475,0.7071067811865475,0.0,0.0380952380952381
120,4,16,-2.0,2465951810944752.0,0.7071067811865475,-0.7071067811865475,0.0,0.0380952380952381
121,4,17,-2.0,2465951810944752.0,0.7071067811865475,0.7071067811865475,0.0,0.0380952380952381
122,4,18,-2.0,2465951810944752.0,-0.5773502691896258,-0.5773502691896258,-0.5773502691896258,0.03214285714285714
123,4,19,-2.0,2465951810944752.0,-0.5773502691896258,-0.5773502691896258,0.5773502691896258,0.03214285714285714
124,4,20,-2.0,2465951810944752.0,-0.5773502691896258,0.5773502691896258,-0.5773502691896258,0.03214285714285714
125,4,21,-2.0,2465951810944752.0,-0.5773502691896258,0.5773502691896258,0.5773502691896258,0.03214285714285714
126,4,22,-2.0,2465951810944752.0,0.5773502691896258,-0.5773502691896258,-0.5773502691896258,0.03214285714285714
127,4,23,-2.0,2465951810944752.0,0.5773502691896258,-0.5773502691896258,0.5773502691896258,0.03214285714285714
128,4,24,-2.0,2465951810944752.0,0.5773502691896258,0.5773502691896258,-0.5773502691896258,0.03214285714285714
129,4,25,-2.0,2465951810944752.0,0.5773502691896258,0.5773502691896258,0.5773502691896258,0.03214285714285714
130,5,0,-1.5,2465980748005508.0,-1.0,0.0,0.0,0.047619047619047616
131,5,1,-1.5,2465980748005508.0,1.0,0.0,0.0,0.047619047619047616
132,5,2,-1.5,2465980748005508.0,0.0,-1.0,0.0,0.047619047619047616
133,5,3,-1.5,2465980748005508.0,0.0,1.0,0.0,0.047619047619047616
134,5,4,-1.5,2465980748005508.0,0.0,0.0,-1.0,0.047619047619047616
135,5,5,-1.5,2465980748005508.0,0.0,0.0,1.0,0.047619047619047616
136,5,6,-1.5,2465980748005508.0,0.0,-0.7071067811865475,-0.7071067811865475,0.0380952380952381
137,5,7,-1.5,2465980748005508.0,0.0,-0.7071067811865475,0.7071067811865475,0.0380952380952381
138,5,8,-1.5,2465980748005508.0,0.0,0.7071067811865475,-0.7071067811865475,0.0380952380952381
139,5,9,-1.5,2465980748005508.0,0.0,0.7071067811865475,0.7071067811865475,0.0380952380952381
140,5,10,-1.5,2465980748005508.0,-0.7071067811865475,0.0,-0.7071067811865475,0.0380952380952381
141,5,11,-1.5,2465980748005508.0,-0.7071067811865475,0.0,0.7071067811865475,0.0380952380952381
142,5,12,-1.5,2465980748005508.0,0.7071067811865475,0.0,-0.7071067811865475,0.0380952380952381
143,5,13,-1.5,2465980748005508.0,0.7071067811865475,0.0,0.7071067811865475,0.0380952380952381
144,5,14,-1.5,2465980748005508.0,-0.7071067811865475,-0.7071067811865475,0.0,0.0380952380952381
145,5,15,-1.5,2465980748005508.0,-0.7071067811865475,0.7071067811865475,0.0,0.0380952380952381
146,5,16,-1.5,2465980748005508.0,0.7071067811865475,-0.7071067811865475,0.0,0.0380952380952381
147,5,17,-1.5,2465980748005508.0,0.7071067811865475,0.7071067811865475,0.0,0.0380952380952381
148,5,18,-1.5,2465980748005508.0,-0.5773502691896258,-0.5773502691896258,-0.5773502691896258,0.03214285714285714
149,5,19,-1.5,2465980748005508.0,-0.5773502691896258,-0.5773502691896258,0.5773502691896258,0.03214285714285714
150,5,20,-1.5,2465980748005508.0,-0.5773502691896258,0.5773502691896258,-0.5773502691896258,0.03214285714285714
151,5,21,-1.5,2465980748005508.0,-0.5773502691896258,0.5773502691896258,0.5773502691896258,0.03214285714285714
152,5,22,-1.5,2465980748005508.0,0.5773502691896258,-0.5773502691896258,-0.5773502691896258,0.03214285714285714
153,5,23,-1.5,2465980748005508.0,0.5773502691896258,-0.5773502691896258,0.5773502691896258,0.03214285714285714
154,5,24,-1.5,2465980748005508.0,0.5773502691896258,0.5773502691896258,-0.5773502691896258,0.03214285714285714
155,5,25,-1.5,2465980748005508.0,0.5773502691896258,0.5773502691896258,0.5773502691896258,0.03214285714285714
156,6,0,-1.0,2466009685066264.5,-1.0,0.0,0.0,0.047619047619047616
157,6,1,-1.0,2466009685066264.5,1.0,0.0,0.0,0.047619047619047616
158,6,2,-1.0,2466009685066264.5,0.0,-1.0,0.0,0.047619047619047616
159,6,3,-1.0,2466009685066264.5,0.0,1.0,0.0,0.047619047619047616
160,6,4,-1.0,2466009685066264.5,0.0,0.0,-1.0,0.047619047619047616
161,6,5,-1.0,2466009685066264.5,0.0,0.0,1.0,0.047619047619047616
162,6,6,-1.0,2466009685066264.5,0.0,-0.7071067811865475,-0.7071067811865475,0.0380952380952381
163,6,7,-1.0,2466009685066264.5,0.0,-0.7071067811865475,0.7071067811865475,0.0380952380952381
164,6,8,-1.0,2466009685066264.5,0.0,0.7071067811865475,-0.7071067811865475,0.0380952380952381
165,6,9,-1.0,2466009685066264.5,0.0,0.7071067811865475,0.7071067811865475,0.0380952380952381
166,6,10,-1.0,2466009685066264.5,-0.7071067811865475,0.0,-0.7071067811865475,0.0380952380952381
167,6,11,-1.0,2466009685066264.5,-0.7071067811865475,0.0,0.7071067811865475,0.0380952380952381
168,6,12,-1.0,2466009685066264.5,0.7071067811865475,0.0,-0.7071067811865475,0.0380952380952381
169,6,13,-1.0,2466009685066264.5,0.7071067811865475,0.0,0.7071067811865475,0.0380952380952381
170,6,14,-1.0,2466009685066264.5,-0.7071067811865475,-0.7071067811865475,0.0,0.0380952380952381
171,6,15,-1.0,2466009685066264.5,-0.7071067811865475,0.7071067811865475,0.0,0.0380952380952381
172,6,16,-1.0,2466009685066264.5,0.7071067811865475,-0.7071067811865475,0.0,0.0380952380952381
173,6,17,-1.0,2466009685066264.5,0.7071067811865475,0.7071067811865475,0.0,0.0380952380952381
174,6,18,-1.0,2466009685066264.5,-0.5773502691896258,-0.5773502691896258,-0.5773502691896258,0.03214285714285714
175,6,19,-1.0,2466009685066264.5,-0.5773502691896258,-0.5773502691896258,0.5773502691896258,0.03214285714285714
176,6,20,-1.0,2466009685066264.5,-0.5773502691896258,0.5773502691896258,-0.5773502691896258,0.03214285714285714
177,6,21,-1.0,2466009685066264.5,-0.5773502691896258,0.5773502691896258,0.5773502691896258,0.03214285714285714
178,6,22,-1.0,2466009685066264.5,0.5773502691896258,-0.5773502691896258,-0.5773502691896258,0.03214285714285714
179,6,23,-1.0,2466009685066264.5,0.5773502691896258,-0.5773502691896258,0.5773502691896258,0.03214285714285714
180,6,24,-1.0,2466009685066264.5,0.5773502691896258,0.5773502691896258,-0.5773502691896258,0.03214285714285714
181,6,25,-1.0,2466009685066264.5,0.5773502691896258,0.5773502691896258,0.5773502691896258,0.03214285714285714
182,7,0,-0.5,2466038622127020.5,-1.0,0.0,0.0,0.047619047619047616
183,7,1,-0.5,2466038622127020.5,1.0,0.0,0.0,0.047619047619047616
184,7,2,-0.5,2466038622127020.5,0.0,-1.0,0.0,0.047619047619047616
185,7,3,-0.5,2466038622127020.5,0.0,1.0,0.0,0.047619047619047616
186,7,4,-0.5,2466038622127020.5,0.0,0.0,-1.0,0.047619047619047616
187,7,5,-0.5,2466038622127020.5,0.0,0.0,1.0,0.047619047619047616
188,7,6,-0.5,2466038622127020.5,0.0,-0.7071067811865475,-0.7071067811865475,0.0380952380952381
189,7,7,-0.5,2466038622127020.5,0.0,-0.7071067811865475,0.7071067811865475,0.0380952380952381
190,7,8,-0.5,2466038622127020.5,0.0,0.7071067811865475,-0.7071067811865475,0.0380952380952381
191,7,9,-0.5,2466038622127020.5,0.0,0.7071067811865475,0.7071067811865475,0.0380952380952381
192,7,10,-0.5,2466038622127020.5,-0.7071067811865475,0.0,-0.7071067811865475,0.0380952380952381
193,7,11,-0.5,2466038622127020.5,-0.7071067811865475,0.0,0.7071067811865475,0.0380952380952381
194,7,12,-0.5,2466038622127020.5,0.7071067811865475,0.0,-0.7071067811865475,0.0380952380952381
195,7,13,-0.5,2466038622127020.5,0.7071067811865475,0.0,0.7071067811865475,0.0380952380952381
196,7,14,-0.5,2466038622127020.5,-0.7071067811865475,-0.7071067811865475,0.0,0.0380952380952381
197,7,15,-0.5,2466038622127020.5,-0.7071067811865475,0.7071067811865475,0.0,0.0380952380952381
198,7,16,-0.5,2466038622127020.5,0.7071067811865475,-0.7071067811865475,0.0,0.0380952380952381
199,7,17,-0.5,2466038622127020.5,0.7071067811865475,0.7071067811865475,0.0,0.0380952380952381
200,7,18,-0.5,2466038622127020.5,-0.5773502691896258,-0.5773502691896258,-0.5773502691896258,0.03214285714285714
201,7,19,-0.5,2466038622127020.5,-0.5773502691896258,-0.5773502691896258,0.5773502691896258,0.03214285714285714
202,7,20,-0.5,2466038622127020.5,-0.5773502691896258,0.5773502691896258,-0.5773502691896258,0.03214285714285714
203,7,21,-0.5,2466038622127020.5,-0.5773502691896258,0.5773502691896258,0.5773502691896258,0.03214285714285714
204,7,22,-0.5,2466038622127020.5,0.5773502691896258,-0.5773502691896258,-0.5773502691896258,0.03214285714285714
205,7,23,-0.5,2466038622127020.5,0.5773502691896258,-0.5773502691896258,0.5773502691896258,0.03214285714285714
206,7,24,-0.5,2466038622127020.5,0.5773502691896258,0.5773502691896258,-0.5773502691896258,0.03214285714285714
207,7,25,-0.5,2466038622127020.5,0.5773502691896258,0.5773502691896258,0.5773502691896258,0.03214285714285714
208,8,0,0.0,2466067559187777.0,-1.0,0.0,0.0,0.047619047619047616
209,8,1,0.0,2466067559187777.0,1.0,0.0,0.0,0.047619047619047616
210,8,2,0.0,2466067559187777.0,0.0,-1.0,0.0,0.047619047619047616
211,8,3,0.0,2466067559187777.0,0.0,1.0,0.0,0.047619047619047616
212,8,4,0.0,2466067559187777.0,0.0,0.0,-1.0,0.047619047619047616
213,8,5,0.0,2466067559187777.0,0.0,0.0,1.0,0.047619047619047616
214,8,6,0.0,2466067559187777.0,0.0,-0.7071067811865475,-0.7071067811865475,0.0380952380952381
215,8,7,0.0,2466067559187777.0,0.0,-0.7071067811865475,0.7071067811865475,0.0380952380952381
216,8,8,0.0,2466067559187777.0,0.0,0.7071067811865475,-0.7071067811865475,0.0380952380952381
217,8,9,0.0,2466067559187777.0,0.0,0.7071067811865475,0.7071067811865475,0.0380952380952381
218,8,10,0.0,2466067559187777.0,-0.7071067811865475,0.0,-0.7071067811865475,0.0380952380952381
219,8,11,0.0,2466067559187777.0,-0.7071067811865475,0.0,0.7071067811865475,0.0380952380952381
220,8,12,0.0,2466067559187777.0,0.7071067811865475,0.0,-0.7071067811865475,0.0380952380952381
221,8,13,0.0,2466067559187777.0,0.7071067811865475,0.0,0.7071067811865475,0.0380952380952381
222,8,14,0.0,2466067559187777.0,-0.7071067811865475,-0.7071067811865475,0.0,0.0380952380952381
223,8,15,0.0,2466067559187777.0,-0.7071067811865475,0.7071067811865475,0.0,0.0380952380952381
224,8,16,0.0,2466067559187777.0,0.7071067811865475,-0.7071067811865475,0.0,0.0380952380952381
225,8,17,0.0,2466067559187777.0,0.7071067811865475,0.7071067811865475,0.0,0.0380952380952381
226,8,18,0.0,2466067559187777.0,-0.5773502691896258,-0.5773502691896258,-0.5773502691896258,0.03214285714285714
227,8,19,0.0,2466067559187777.0,-0.5773502691896258,-0.5773502691896258,0.5773502691896258,0.03214285714285714
228,8,20,0.0,2466067559187777.0,-0.5773502691896258,0.5773502691896258,-0.5773502691896258,0.03214285714285714
229,8,21,0.0,2466067559187777.0,-0.5773502691896258,0.5773502691896258,0.5773502691896258,0.03214285714285714
230,8,22,0.0,2466067559187777.0,0.5773502691896258,-0.5773502691896258,-0.5773502691896258,0.03214285714285714
231,8,23,0.0,2466067559187777.0,0.5773502691896258,-0.5773502691896258,0.5773502691896258,0.03214285714285714
232,8,24,0.0,2466067559187777.0,0.5773502691896258,0.5773502691896258,-0.5773502691896258,0.03214285714285714
233,8,25,0.0,2466067559187777.0,0.5773502691896258,0.5773502691896258,0.5773502691896258,0.03214285714285714
234,9,0,0.5,2466096496248533.5,-1.0,0.0,0.0,0.047619047619047616
235,9,1,0.5,2466096496248533.5,1.0,0.0,0.0,0.047619047619047616
236,9,2,0.5,2466096496248533.5,0.0,-1.0,0.0,0.047619047619047616
237,9,3,0.5,2466096496248533.5,0.0,1.0,0.0,0.047619047619047616
238,9,4,0.5,2466096496248533.5,0.0,0.0,-1.0,0.047619047619047616
239,9,5,0.5,2466096496248533.5,0.0,0.0,1.0,0.047619047619047616
240,9,6,0.5,2466096496248533.5,0.0,-0.7071067811865475,-0.7071067811865475,0.0380952380952381
241,9,7,0.5,2466096496248533.5,0.0,-0.7071067811865475,0.7071067811865475,0.0380952380952381
242,9,8,0.5,2466096496248533.5,0.0,0.7071067811865475,-0.7071067811865475,0.0380952380952381
243,9,9,0.5,2466096496248533.5,0.0,0.7071067811865475,0.7071067811865475,0.0380952380952381
244,9,10,0.5,2466096496248533.5,-0.7071067811865475,0.0,-0.7071067811865475,0.0380952380952381
245,9,11,0.5,2466096496248533.5,-0.7071067811865475,0.0,0.7071067811865475,0.0380952380952381
246,9,12,0.5,2466096496248533.5,0.7071067811865475,0.0,-0.7071067811865475,0.0380952380952381
247,9,13,0.5,2466096496248533.5,0.7071067811865475,0.0,0.7071067811865475,0.0380952380952381
248,9,14,0.5,2466096496248533.5,-0.7071067811865475,-0.7071067811865475,0.0,0.0380952380952381
249,9,15,0.5,2466096496248533.5,-0.7071067811865475,0.7071067811865475,0.0,0.0380952380952381
250,9,16,0.5,2466096496248533.5,0.7071067811865475,-0.7071067811865475,0.0,0.0380952380952381
251,9,17,0.5,2466096496248533.5,0.7071067811865475,0.7071067811865475,0.0,0.0380952380952381
252,9,18,0.5,2466096496248533.5,-0.5773502691896258,-0.5773502691896258,-0.5773502691896258,0.03214285714285714
253,9,19,0.5,2466096496248533.5,-0.5773502691896258,-0.5773502691896258,0.5773502691896258,0.03214285714285714
254,9,20,0.5,2466096496248533.5,-0.5773502691896258,0.5773502691896258,-0.5773502691896258,0.03214285714285714
255,9,21,0.5,2466096496248533.5,-0.5773502691896258,0.5773502691896258,0.5773502691896258,0.03214285714285714
256,9,22,0.5,2466096496248533.5,0.5773502691896258,-0.5773502691896258,-0.5773502691896258,0.03214285714285714
257,9,23,0.5,2466096496248533.5,0.5773502691896258,-0.5773502691896258,0.5773502691896258,0.03214285714285714
258,9,24,0.5,2466096496248533.5,0.5773502691896258,0.5773502691896258,-0.5773502691896258,0.03214285714285714
259,9,25,0.5,2466096496248533.5,0.5773502691896258,0.5773502691896258,0.5773502691896258,0.03214285714285714
260,10,0,1.0,2466125433309289.5,-1.0,0.0,0.0,0.047619047619047616
261,10,1,1.0,2466125433309289.5,1.0,0.0,0.0,0.047619047619047616
262,10,2,1.0,2466125433309289.5,0.0,-1.0,0.0,0.047619047619047616
263,10,3,1.0,2466125433309289.5,0.0,1.0,0.0,0.047619047619047616
264,10,4,1.0,2466125433309289.5,0.0,0.0,-1.0,0.047619047619047616
265,10,5,1.0,2466125433309289.5,0.0,0.0,1.0,0.047619047619047616
266,10,6,1.0,2466125433309289.5,0.0,-0.7071067811865475,-0.7071067811865475,0.0380952380952381
267,10,7,1.0,2466125433309289.5,0.0,-0.7071067811865475,0.7071067811865475,0.0380952380952381
268,10,8,1.0,2466125433309289.5,0.0,0.7071067811865475,-0.7071067811865475,0.0380952380952381
269,10,9,1.0,2466125433309289.5,0.0,0.7071067811865475,0.7071067811865475,0.0380952380952381
270,10,10,1.0,2466125433309289.5,-0.7071067811865475,0.0,-0.7071067811865475,0.0380952380952381
271,10,11,1.0,2466125433309289.5,-0.7071067811865475,0.0,0.7071067811865475,0.0380952380952381
272,10,12,1.0,2466125433309289.5,0.7071067811865475,0.0,-0.7071067811865475,0.0380952380952381
273,10,13,1.0,2466125433309289.5,0.7071067811865475,0.0,0.7071067811865475,0.0380952380952381
274,10,14,1.0,2466125433309289.5,-0.7071067811865475,-0.7071067811865475,0.0,0.0380952380952381
275,10,15,1.0,2466125433309289.5,-0.7071067811865475,0.7071067811865475,0.0,0.0380952380952381
276,10,16,1.0,2466125433309289.5,0.7071067811865475,-0.7071067811865475,0.0,0.0380952380952381
277,10,17,1.0,2466125433309289.5,0.7071067811865475,0.7071067811865475,0.0,0.0380952380952381
278,10,18,1.0,2466125433309289.5,-0.5773502691896258,-0.5773502691896258,-0.5773502691896258,0.03214285714285714
279,10,19,1.0,2466125433309289.5,-0.5773502691896258,-0.5773502691896258,0.5773502691896258,0.03214285714285714
280,10,20,1.0,2466125433309289.5,-0.5773502691896258,0.5773502691896258,-0.5773502691896258,0.03214285714285714
281,10,21,1.0,2466125433309289.5,-0.5773502691896258,0.5773502691896258,0.5773502691896258,0.03214285714285714
282,10,22,1.0,2466125433309289.5,0.5773502691896258,-0.5773502691896258,-0.5773502691896258,0.03214285714285714
283,10,23,1.0,2466125433309289.5,0.5773502691896258,-0.5773502691896258,0.5773502691896258,0.03214285714285714
284,10,24,1.0,2466125433309289.5,0.5773502691896258,0.5773502691896258,-0.5773502691896258,0.03214285714285714
285,10,25,1.0,2466125433309289.5,0.5773502691896258,0.5773502691896258,0.5773502691896258,0.03214285714285714
286,11,0,1.5,2466154370370046.0,-1.0,0.0,0.0,0.047619047619047616
287,11,1,1.5,2466154370370046.0,1.0,0.0,0.0,0.047619047619047616
288,11,2,1.5,2466154370370046.0,0.0,-1.0,0.0,0.047619047619047616
289,11,3,1.5,2466154370370046.0,0.0,1.0,0.0,0.047619047619047616
290,11,4,1.5,2466154370370046.0,0.0,0.0,-1.0,0.047619047619047616
291,11,5,1.5,2466154370370046.0,0.0,0.0,1.0,0.047619047619047616
292,11,6,1.5,2466154370370046.0,0.0,-0.7071067811865475,-0.7071067811865475,0.0380952380952381
293,11,7,1.5,2466154370370046.0,0.0,-0.7071067811865475,0.7071067811865475,0.0380952380952381
294,11,8,1.5,2466154370370046.0,0.0,0.7071067811865475,-0.7071067811865475,0.0380952380952381
295,11,9,1.5,2466154370370046.0,0.0,0.7071067811865475,0.7071067811865475,0.0380952380952381
296,11,10,1.5,2466154370370046.0,-0.7071067811865475,0.0,-0.7071067811865475,0.0380952380952381
297,11,11,1.5,2466154370370046.0,-0.7071067811865475,0.0,0.7071067811865475,0.0380952380952381
298,11,12,1.5,2466154370370046.0,0.7071067811865475,0.0,-0.7071067811865475,0.0380952380952381
299,11,13,1.5,2466154370370046.0,0.7071067811865475,0.0,0.7071067811865475,0.0380952380952381
300,11,14,1.5,2466154370370046.0,-0.7071067811865475,-0.7071067811865475,0.0,0.0380952380952381
301,11,15,1.5,2466154370370046.0,-0.7071067811865475,0.7071067811865475,0.0,0.0380952380952381
302,11,16,1.5,2466154370370046.0,0.7071067811865475,-0.7071067811865475,0.0,0.0380952380952381
303,11,17,1.5,2466154370370046.0,0.7071067811865475,0.7071067811865475,0.0,0.0380952380952381
304,11,18,1.5,2466154370370046.0,-0.5773502691896258,-0.5773502691896258,-0.5773502691896258,0.03214285714285714
305,11,19,1.5,2466154370370046.0,-0.5773502691896258,-0.5773502691896258,0.5773502691896258,0.03214285714285714
306,11,20,1.5,2466154370370046.0,-0.5773502691896258,0.5773502691896258,-0.5773502691896258,0.03214285714285714
307,11,21,1.5,2466154370370046.0,-0.5773502691896258,0.5773502691896258,0.5773502691896258,0.03214285714285714
308,11,22,1.5,2466154370370046.0,0.5773502691896258,-0.5773502691896258,-0.5773502691896258,0.03214285714285714
309,11,23,1.5,2466154370370046.0,0.5773502691896258,-0.5773502691896258,0.5773502691896258,0.03214285714285714
310,11,24,1.5,2466154370370046.0,0.5773502691896258,0.5773502691896258,-0.5773502691896258,0.03214285714285714
311,11,25,1.5,2466154370370046.0,0.5773502691896258,0.5773502691896258,0.5773502691896258,0.03214285714285714
312,12,0,2.0,2466183307430802.0,-1.0,0.0,0.0,0.047619047619047616
313,12,1,2.0,2466183307430802.0,1.0,0.0,0.0,0.047619047619047616
314,12,2,2.0,2466183307430802.0,0.0,-1.0,0.0,0.047619047619047616
315,12,3,2.0,2466183307430802.0,0.0,1.0,0.0,0.047619047619047616
316,12,4,2.0,2466183307430802.0,0.0,0.0,-1.0,0.047619047619047616
317,12,5,2.0,2466183307430802.0,0.0,0.0,1.0,0.047619047619047616
318,12,6,2.0,2466183307430802.0,0.0,-0.7071067811865475,-0.7071067811865475,0.0380952380952381
319,12,7,2.0,2466183307430802.0,0.0,-0.7071067811865475,0.7071067811865475,0.0380952380952381
320,12,8,2.0,2466183307430802.0,0.0,0.7071067811865475,-0.7071067811865475,0.0380952380952381
321,12,9,2.0,2466183307430802.0,0.0,0.7071067811865475,0.7071067811865475,0.0380952380952381
322,12,10,2.0,2466183307430802.0,-0.7071067811865475,0.0,-0.7071067811865475,0.0380952380952381
323,12,11,2.0,2466183307430802.0,-0.7071067811865475,0.0,0.7071067811865475,0.0380952380952381
324,12,12,2.0,2466183307430802.0,0.7071067811865475,0.0,-0.7071067811865475,0.0380952380952381
325,12,13,2.0,2466183307430802.0,0.7071067811865475,0.0,0.7071067811865475,0.0380952380952381
326,12,14,2.0,2466183307430802.0,-0.7071067811865475,-0.7071067811865475,0.0,0.0380952380952381
327,12,15,2.0,2466183307430802.0,-0.7071067811865475,0.7071067811865475,0.0,0.0380952380952381
328,12,16,2.0,2466183307430802.0,0.7071067811865475,-0.7071067811865475,0.0,0.0380952380952381
329,12,17,2.0,2466183307430802.0,0.7071067811865475,0.7071067811865475,0.0,0.0380952380952381
330,12,18,2.0,2466183307430802.0,-0.5773502691896258,-0.5773502691896258,-0.5773502691896258,0.03214285714285714
331,12,19,2.0,2466183307430802.0,-0.5773502691896258,-0.5773502691896258,0.5773502691896258,0.03214285714285714
332,12,20,2.0,2466183307430802.0,-0.5773502691896258,0.5773502691896258,-0.5773502691896258,0.03214285714285714
333,12,21,2.0,2466183307430802.0,-0.5773502691896258,0.5773502691896258,0.5773502691896258,0.03214285714285714
334,12,22,2.0,2466183307430802.0,0.5773502691896258,-0.5773502691896258,-0.5773502691896258,0.03214285714285714
335,12,23,2.0,2466183307430802.0,0.5773502691896258,-0.5773502691896258,0.5773502691896258,0.03214285714285714
336,12,24,2.0,2466183307430802.0,0.5773502691896258,0.5773502691896258,-0.5773502691896258,0.03214285714285714
337,12,25,2.0,2466183307430802.0,0.5773502691896258,0.5773502691896258,0.5773502691896258,0.03214285714285714
338,13,0,2.5,2466212244491558.5,-1.0,0.0,0.0,0.047619047619047616
339,13,1,2.5,2466212244491558.5,1.0,0.0,0.0,0.047619047619047616
340,13,2,2.5,2466212244491558.5,0.0,-1.0,0.0,0.047619047619047616
341,13,3,2.5,2466212244491558.5,0.0,1.0,0.0,0.047619047619047616
342,13,4,2.5,2466212244491558.5,0.0,0.0,-1.0,0.047619047619047616
343,13,5,2.5,2466212244491558.5,0.0,0.0,1.0,0.047619047619047616
344,13,6,2.5,2466212244491558.5,0.0,-0.7071067811865475,-0.7071067811865475,0.0380952380952381
345,13,7,2.5,2466212244491558.5,0.0,-0.7071067811865475,0.7071067811865475,0.0380952380952381
346,13,8,2.5,2466212244491558.5,0.0,0.7071067811865475,-0.7071067811865475,0.0380952380952381
347,13,9,2.5,2466212244491558.5,0.0,0.7071067811865475,0.7071067811865475,0.0380952380952381
348,13,10,2.5,2466212244491558.5,-0.7071067811865475,0.0,-0.7071067811865475,0.0380952380952381
349,13,11,2.5,2466212244491558.5,-0.7071067811865475,0.0,0.7071067811865475,0.0380952380952381
350,13,12,2.5,2466212244491558.5,0.7071067811865475,0.0,-0.7071067811865475,0.0380952380952381
351,13,13,2.5,2466212244491558.5,0.7071067811865475,0.0,0.7071067811865475,0.0380952380952381
352,13,14,2.5,2466212244491558.5,-0.7071067811865475,-0.7071067811865475,0.0,0.0380952380952381
353,13,15,2.5,2466212244491558.5,-0.7071067811865475,0.7071067811865475,0.0,0.0380952380952381
354,13,16,2.5,2466212244491558.5,0.7071067811865475,-0.7071067811865475,0.0,0.0380952380952381
355,13,17,2.5,2466212244491558.5,0.7071067811865475,0.7071067811865475,0.0,0.0380952380952381
356,13,18,2.5,2466212244491558.5,-0.5773502691896258,-0.5773502691896258,-0.5773502691896258,0.03214285714285714
357,13,19,2.5,2466212244491558.5,-0.5773502691896258,-0.5773502691896258,0.5773502691896258,0.03214285714285714
358,13,20,2.5,2466212244491558.5,-0.5773502691896258,0.5773502691896258,-0.5773502691896258,0.03214285714285714
359,13,21,2.5,2466212244491558.5,-0.5773502691896258,0.5773502691896258,0.5773502691896258,0.03214285714285714
360,13,22,2.5,2466212244491558.5,0.5773502691896258,-0.5773502691896258,-0.5773502691896258,0.03214285714285714
361,13,23,2.5,2466212244491558.5,0.5773502691896258,-0.5773502691896258,0.5773502691896258,0.03214285714285714
362,13,24,2.5,2466212244491558.5,0.5773502691896258,0.5773502691896258,-0.5773502691896258,0.03214285714285714
363,13,25,2.5,2466212244491558.5,0.5773502691896258,0.5773502691896258,0.5773502691896258,0.03214285714285714
364,14,0,3.0,2466241181552314.5,-1.0,0.0,0.0,0.047619047619047616
365,14,1,3.0,2466241181552314.5,1.0,0.0,0.0,0.047619047619047616
366,14,2,3.0,2466241181552314.5,0.0,-1.0,0.0,0.047619047619047616
367,14,3,3.0,2466241181552314.5,0.0,1.0,0.0,0.047619047619047616
368,14,4,3.0,2466241181552314.5,0.0,0.0,-1.0,0.047619047619047616
369,14,5,3.0,2466241181552314.5,0.0,0.0,1.0,0.047619047619047616
370,14,6,3.0,2466241181552314.5,0.0,-0.7071067811865475,-0.7071067811865475,0.0380952380952381
371,14,7,3.0,2466241181552314.5,0.0,-0.7071067811865475,0.7071067811865475,0.0380952380952381
372,14,8,3.0,2466241181552314.5,0.0,0.7071067811865475,-0.7071067811865475,0.0380952380952381
373,14,9,3.0,2466241181552314.5,0.0,0.7071067811865475,0.7071067811865475,0.0380952380952381
374,14,10,3.0,2466241181552314.5,-0.7071067811865475,0.0,-0.7071067811865475,0.0380952380952381
375,14,11,3.0,2466241181552314.5,-0.7071067811865475,0.0,0.7071067811865475,0.0380952380952381
376,14,12,3.0,2466241181552314.5,0.7071067811865475,0.0,-0.7071067811865475,0.0380952380952381
377,14,13,3.0,2466241181552314.5,0.7071067811865475,0.0,0.7071067811865475,0.0380952380952381
378,14,14,3.0,2466241181552314.5,-0.7071067811865475,-0.7071067811865475,0.0,0.0380952380952381
379,14,15,3.0,2466241181552314.5,-0.7071067811865475,0.7071067811865475,0.0,0.0380952380952381
380,14,16,3.0,2466241181552314.5,0.7071067811865475,-0.7071067811865475,0.0,0.0380952380952381
381,14,17,3.0,2466241181552314.5,0.7071067811865475,0.7071067811865475,0.0,0.0380952380952381
382,14,18,3.0,2466241181552314.5,-0.5773502691896258,-0.5773502691896258,-0.5773502691896258,0.03214285714285714
383,14,19,3.0,2466241181552314.5,-0.5773502691896258,-0.5773502691896258,0.5773502691896258,0.03214285714285714
384,14,20,3.0,2466241181552314.5,-0.5773502691896258,0.5773502691896258,-0.5773502691896258,0.03214285714285714
385,14,21,3.0,2466241181552314.5,-0.5773502691896258,0.5773502691896258,0.5773502691896258,0.03214285714285714
386,14,22,3.0,2466241181552314.5,0.5773502691896258,-0.5773502691896258,-0.5773502691896258,0.03214285714285714
387,14,23,3.0,2466241181552314.5,0.5773502691896258,-0.5773502691896258,0.5773502691896258,0.03214285714285714
388,14,24,3.0,2466241181552314.5,0.5773502691896258,0.5773502691896258,-0.5773502691896258,0.03214285714285714
389,14,25,3.0,2466241181552314.5,0.5773502691896258,0.5773502691896258,0.5773502691896258,0.03214285714285714
390,15,0,3.5,2466270118613071.0,-1.0,0.0,0.0,0.047619047619047616
391,15,1,3.5,2466270118613071.0,1.0,0.0,0.0,0.047619047619047616
392,15,2,3.5,2466270118613071.0,0.0,-1.0,0.0,0.047619047619047616
393,15,3,3.5,2466270118613071.0,0.0,1.0,0.0,0.047619047619047616
394,15,4,3.5,2466270118613071.0,0.0,0.0,-1.0,0.047619047619047616
395,15,5,3.5,2466270118613071.0,0.0,0.0,1.0,0.047619047619047616
396,15,6,3.5,2466270118613071.0,0.0,-0.7071067811865475,-0.7071067811865475,0.0380952380952381
397,15,7,3.5,2466270118613071.0,0.0,-0.7071067811865475,0.7071067811865475,0.0380952380952381
398,15,8,3.5,2466270118613071.0,0.0,0.7071067811865475,-0.7071067811865475,0.0380952380952381
399,15,9,3.5,2466270118613071.0,0.0,0.7071067811865475,0.7071067811865475,0.0380952380952381
400,15,10,3.5,2466270118613071.0,-0.7071067811865475,0.0,-0.7071067811865475,0.0380952380952381
401,15,11,3.5,2466270118613071.0,-0.7071067811865475,0.0,0.7071067811865475,0.0380952380952381
402,15,12,3.5,2466270118613071.0,0.7071067811865475,0.0,-0.7071067811865475,0.0380952380952381
403,15,13,3.5,2466270118613071.0,0.7071067811865475,0.0,0.7071067811865475,0.0380952380952381
404,15,14,3.5,2466270118613071.0,-0.7071067811865475,-0.7071067811865475,0.0,0.0380952380952381
405,15,15,3.5,2466270118613071.0,-0.7071067811865475,0.7071067811865475,0.0,0.0380952380952381
406,15,16,3.5,2466270118613071.0,0.7071067811865475,-0.7071067811865475,0.0,0.0380952380952381
407,15,17,3.5,2466270118613071.0,0.7071067811865475,0.7071067811865475,0.0,0.0380952380952381
408,15,18,3.5,2466270118613071.0,-0.5773502691896258,-0.5773502691896258,-0.5773502691896258,0.03214285714285714
409,15,19,3.5,2466270118613071.0,-0.5773502691896258,-0.5773502691896258,0.5773502691896258,0.03214285714285714
410,15,20,3.5,2466270118613071.0,-0.5773502691896258,0.5773502691896258,-0.5773502691896258,0.03214285714285714
411,15,21,3.5,2466270118613071.0,-0.5773502691896258,0.5773502691896258,0.5773502691896258,0.03214285714285714
412,15,22,3.5,2466270118613071.0,0.5773502691896258,-0.5773502691896258,-0.5773502691896258,0.03214285714285714
413,15,23,3.5,2466270118613071.0,0.5773502691896258,-0.5773502691896258,0.5773502691896258,0.03214285714285714
414,15,24,3.5,2466270118613071.0,0.5773502691896258,0.5773502691896258,-0.5773502691896258,0.03214285714285714
415,15,25,3.5,2466270118613071.0,0.5773502691896258,0.5773502691896258,0.5773502691896258,0.03214285714285714
416,16,0,4.0,2466299055673827.0,-1.0,0.0,0.0,0.047619047619047616
417,16,1,4.0,2466299055673827.0,1.0,0.0,0.0,0.047619047619047616
418,16,2,4.0,2466299055673827.0,0.0,-1.0,0.0,0.047619047619047616
419,16,3,4.0,2466299055673827.0,0.0,1.0,0.0,0.047619047619047616
420,16,4,4.0,2466299055673827.0,0.0,0.0,-1.0,0.047619047619047616
421,16,5,4.0,2466299055673827.0,0.0,0.0,1.0,0.047619047619047616
422,16,6,4.0,2466299055673827.0,0.0,-0.7071067811865475,-0.7071067811865475,0.0380952380952381
423,16,7,4.0,2466299055673827.0,0.0,-0.7071067811865475,0.7071067811865475,0.0380952380952381
424,16,8,4.0,2466299055673827.0,0.0,0.7071067811865475,-0.7071067811865475,0.0380952380952381
425,16,9,4.0,2466299055673827.0,0.0,0.7071067811865475,0.7071067811865475,0.0380952380952381
426,16,10,4.0,2466299055673827.0,-0.7071067811865475,0.0,-0.7071067811865475,0.0380952380952381
427,16,11,4.0,2466299055673827.0,-0.7071067811865475,0.0,0.7071067811865475,0.0380952380952381
428,16,12,4.0,2466299055673827.0,0.7071067811865475,0.0,-0.7071067811865475,0.0380952380952381
429,16,13,4.0,2466299055673827.0,0.7071067811865475,0.0,0.7071067811865475,0.0380952380952381
430,16,14,4.0,2466299055673827.0,-0.7071067811865475,-0.7071067811865475,0.0,0.0380952380952381
431,16,15,4.0,2466299055673827.0,-0.7071067811865475,0.7071067811865475,0.0,0.0380952380952381
432,16,16,4.0,2466299055673827.0,0.7071067811865475,-0.7071067811865475,0.0,0.0380952380952381
433,16,17,4.0,2466299055673827.0,0.7071067811865475,0.7071067811865475,0.0,0.0380952380952381
434,16,18,4.0,2466299055673827.0,-0.5773502691896258,-0.5773502691896258,-0.5773502691896258,0.03214285714285714
435,16,19,4.0,2466299055673827.0,-0.5773502691896258,-0.5773502691896258,0.5773502691896258,0.03214285714285714
436,16,20,4.0,2466299055673827.0,-0.5773502691896258,0.5773502691896258,-0.5773502691896258,0.03214285714285714
437,16,21,4.0,2466299055673827.0,-0.5773502691896258,0.5773502691896258,0.5773502691896258,0.03214285714285714
438,16,22,4.0,2466299055673827.0,0.5773502691896258,-0.5773502691896258,-0.5773502691896258,0.03214285714285714
439,16,23,4.0,2466299055673827.0,0.5773502691896258,-0.5773502691896258,0.5773502691896258,0.03214285714285714
440,16,24,4.0,2466299055673827.0,0.5773502691896258,0.5773502691896258,-0.5773502691896258,0.03214285714285714
441,16,25,4.0,2466299055673827.0,0.5773502691896258,0.5773502691896258,0.5773502691896258,0.03214285714285714
