i,j,x_i,x_j,K_i_from_j_sInv,K_j_from_i_sInv,conductance_mean,conductance_difference,relative_difference,combined_standard_error,significance
0,1,-4.0,-3.5,5.2921306837269475e-06,5.2903114073736935e-06,6.411197866253437e-06,-6.13042050908507e-10,-9.562051643038047e-05,8.783698645144845e-10,0.6979315612647566
0,2,-4.0,-3.0,3.331253863607453e-06,3.327719559029927e-06,4.03334231468919e-06,7.365558429591314e-10,0.00018261674449913148,1.1577501145336627e-09,0.6361958713826716
0,3,-4.0,-2.5,2.0524982106338444e-06,2.0483221861848604e-06,2.483321719006358e-06,1.7838401522786964e-09,0.0007183282530917732,1.1159062759317722e-09,1.5985573257836596
0,4,-4.0,-2.0,1.2051412058454716e-06,1.2027086958855804e-06,1.4577941480786963e-06,3.829380981465258e-10,0.0002626832455399962,6.752741811232233e-10,0.5670853541439453
0,5,-4.0,-1.5,6.624628634978278e-07,6.614234091128356e-07,8.013498326047735e-07,-5.024009165211565e-10,-0.0006269433099999675,5.786669604496084e-10,0.8682039080489489
0,6,-4.0,-1.0,3.37990154308222e-07,3.378605009979117e-07,4.090036326370602e-07,-9.214962415401912e-10,-0.0022530270345004597,5.31847430764588e-10,1.7326326841805764
0,7,-4.0,-0.5,1.6236862429145814e-07,1.615586787615776e-07,1.959869396937965e-07,3.772046666762363e-10,0.001924641852490622,7.430295220962876e-10,0.5076577113814263
0,8,-4.0,0.0,7.396358233273818e-08,7.389719762749159e-08,8.944140815821309e-08,-2.341279662490872e-10,-0.0026176686064125665,3.303842296324965e-10,0.7086535774105195
0,9,-4.0,0.5,3.448754234437322e-08,3.4254747839811396e-08,4.157304342206278e-08,1.17149925981988e-10,0.0028179299935452077,2.7796685214808864e-10,0.4214528641694861
0,10,-4.0,1.0,1.807858085252018e-08,1.807610893488247e-08,2.1860499354986306e-08,-9.307680149702906e-11,-0.0042577619104477845,5.0835325528863495e-12,18.30947289679133
0,11,-4.0,1.5,1.2284608606011712e-08,1.2288188213359856e-08,1.4854397480203332e-08,-7.613321295303753e-11,-0.005125297949950603,4.5581888755287814e-12,16.702513878213427
0,12,-4.0,2.0,1.0760989808796165e-08,1.0765603611666103e-08,1.3010100967578588e-08,-7.418437703484114e-11,-0.005702060054699805,5.1438292111572955e-12,14.422014026813034
0,13,-4.0,2.5,1.0944740699219568e-08,1.0946676476613066e-08,1.3227687806035597e-08,-7.790715767395153e-11,-0.0058897033870427195,6.615323730613607e-12,11.776771756977224
0,14,-4.0,3.0,1.2007558592723339e-08,1.185947468328439e-08,1.4417997834668938e-08,9.0211874183775e-11,0.006256893309198255,1.2062505378744894e-10,0.7478701260746013
0,15,-4.0,3.5,1.3221251801468647e-08,1.3137235146706053e-08,1.591972636830539e-08,-3.4518842477979794e-12,-0.00021683062685489004,3.6504384203186714e-11,0.09456081298576298
0,16,-4.0,4.0,6.3779710618144205e-09,6.3373764436366096e-09,7.677997076791054e-09,-4.960521252546033e-12,-0.0006460696979868135,5.39121212317848e-12,0.9201124235529939
1,2,-3.5,-3.0,7.774731874336316e-06,7.7712810135925e-06,9.414157241661188e-06,4.2405850278335504e-11,4.504476522940754e-06,1.3222294368168118e-09,0.03207147647569022
1,3,-3.5,-2.5,5.123026404391063e-06,5.118407728236432e-06,6.200514705744851e-06,1.4297563538730494e-10,2.3058672089727698e-05,1.7046803639097762e-09,0.08387240119278586
1,4,-3.5,-2.0,3.357660971507455e-06,3.3515140053239675e-06,4.061070556333575e-06,2.0876165542055265e-09,0.0005140557213293711,1.4643175279219285e-09,1.4256583796877351
1,5,-3.5,-1.5,2.1574195010133854e-06,2.1539921860974552e-06,2.609128794639714e-06,-4.381266079100943e-10,-0.00016792065183221194,9.672386452442136e-10,0.4529664008611584
1,6,-3.5,-1.0,1.3643558438354437e-06,1.3629385174996334e-06,1.650109489722294e-06,-1.9106421024086074e-09,-0.001157888076099823,8.955456950769793e-10,2.1334948209922135
1,7,-3.5,-0.5,8.735418456683763e-07,8.739138611111968e-07,1.0570413660307864e-06,-3.2371693158328264e-09,-0.003062481204485373,9.759016781656686e-10,3.3171060038727447
1,8,-3.5,0.0,6.009061082660584e-07,5.99051798646233e-07,7.256970791160158e-07,1.0501704572039871e-11,1.4471195867058167e-05,1.7808674482831545e-09,0.0058969602606662504
1,9,-3.5,0.5,4.6384144021755855e-07,4.6367323905933357e-07,5.608100402623489e-07,-1.7681851656356276e-09,-0.003152912820192136,6.346864409799005e-10,2.7859192373886295
1,10,-3.5,1.0,4.1277974542048907e-07,4.1223374381680653e-07,4.987241059932718e-07,-1.3123623025742987e-09,-0.002631439480874028,5.476170910511309e-10,2.3964962453148924
1,11,-3.5,1.5,4.100921631253258e-07,4.102181902886664e-07,4.957731381941117e-07,-2.3310115870738867e-09,-0.004701770643655199,1.2267109413400765e-10,19.00212599821973
1,12,-3.5,2.0,4.371006168884439e-07,4.3716285640503206e-07,5.282650218686288e-07,-2.6288244290320743e-09,-0.004976336346732079,1.0120616818757939e-10,25.974942793602366
1,13,-3.5,2.5,4.947467266087331e-07,4.837162666378002e-07,5.910793097542419e-07,1.021007452267919e-08,0.017273611771192465,1.3771718869102737e-08,0.7413798248224336
1,14,-3.5,3.0,5.468913012870343e-07,5.434420363656281e-07,6.585283324707846e-07,4.044294695877629e-10,0.0006141413355297135,8.44297107401566e-10,0.47901321234233185
1,15,-3.5,3.5,2.922649483390327e-07,2.90402575919936e-07,3.5183618072143566e-07,8.453572201731418e-11,0.00024027012186175607,3.158701681200563e-10,0.26762806541826945
1,16,-3.5,4.0,1.313993447172796e-08,1.3010805790977187e-08,1.5787223306137244e-08,5.184551842688557e-11,0.003284017551505131,7.137924490616952e-11,0.7263388467479349
2,3,-3.0,-2.5,2.4589827397440886e-05,2.4588197655487706e-05,2.9767521475807212e-05,-1.1108375766325299e-08,-0.00037317100032508067,2.3882820658865403e-09,4.6511992553115045
2,4,-3.0,-2.0,1.9198204000079373e-05,1.9177462755166854e-05,2.3223733112104624e-05,4.6925286956462785e-09,0.0002020574673759254,1.7648142113807267e-08,0.26589363715373837
2,5,-3.0,-1.5,1.535047246743855e-05,1.5342018677522087e-05,1.8570042092771793e-05,-1.4252160672500232e-08,-0.0007674813337147871,2.6318625982620204e-09,5.415237361521762
2,6,-3.0,-1.0,1.2658909367477929e-05,1.2654043362221809e-05,1.531186919243497e-05,-2.102832424785299e-08,-0.0013733348935766974,3.671923310518834e-09,5.726787427072309
2,7,-3.0,-0.5,1.0902635137731667e-05,1.0899893509857598e-05,1.3185510535624301e-05,-2.5655801302020286e-08,-0.0019457571424863714,3.900834989183834e-09,6.577002455412298
2,8,-3.0,0.0,9.946733050628095e-06,9.948592134495865e-06,1.2029454377249633e-05,-3.396625144351628e-08,-0.002823590362315518,2.8493728589283846e-09,11.920606086032064
2,9,-3.0,0.5,9.702185741677453e-06,9.694718286771254e-06,1.1725508997415348e-05,-2.7041286654130473e-08,-0.002306192990009319,1.2610240601485164e-08,2.1443910158974844
2,10,-3.0,1.0,1.0031041709858802e-05,1.0033748678872433e-05,1.2126598702010273e-05,-4.5904367666175445e-08,-0.0037854281150217087,4.724224716813733e-09,9.716804432016048
2,11,-3.0,1.5,1.0887837289995852e-05,1.0884695845283354e-05,1.3155818232702874e-05,-4.8235658491051456e-08,-0.003666488669716243,3.902768729568709e-09,12.359343285089281
2,12,-3.0,2.0,1.2239590718282072e-05,1.2212628916192858e-05,1.4771718990606559e-05,-3.2338972347474104e-08,-0.002189249089292769,4.191444384221355e-08,0.7715472133953107
2,13,-3.0,2.5,1.403314227570189e-05,1.3942942446863442e-05,1.6896709821315267e-05,2.727815789294044e-08,0.001614406483949256,3.8939024814798774e-08,0.7005352091553505
2,14,-3.0,3.0,8.310639774670929e-06,8.266254018220058e-06,1.0009756192199307e-05,8.180670603905434e-10,8.172697163474075e-05,6.299459681976706e-09,0.12986305202192233
2,15,-3.0,3.5,5.43382125371729e-07,5.399459124835091e-07,6.540098587665167e-07,4.126507674891083e-10,0.0006309549649104383,4.3477242549794255e-10,0.9491189948776111
2,16,-3.0,4.0,1.1844878316645063e-08,1.1856474268535948e-08,1.4305626698057543e-08,-1.0201062166734922e-10,-0.007130804110888795,4.780444337606363e-12,21.33915060256248
3,4,-2.5,-2.0,0.00023982056497192777,0.00023979550269328333,0.00029018466829914424,-9.71946707793974e-08,-0.00033494075117435843,4.948928906945621e-08,1.9639536676913791
3,5,-2.5,-1.5,0.00020337238240921283,0.0002031485076208613,0.0002459054264952905,5.471817266091772e-08,0.0002225171418165742,2.0077150517659856e-07,0.27253953499420963
3,6,-2.5,-1.0,0.00017708526282859355,0.00017708871558060453,0.00021419366868913588,-2.8655894350156693e-07,-0.0013378497378344848,3.202383502454504e-08,8.948301890823835
3,7,-2.5,-0.5,0.00016123907290828312,0.00016107846100417913,0.00019488497866168656,-1.483458603614271e-07,-0.0007611969961982051,2.508812414927393e-07,0.5912991321263066
3,8,-2.5,0.0,0.00015466141780775248,0.00015462333087038345,0.00018696389159447512,-3.6475989682491997e-07,-0.001950964401276395,4.7652545255569164e-08,7.654573220982155
3,9,-2.5,0.5,0.0001577608193407635,0.00015788444196326713,0.00019076710132425172,-6.524244501421544e-07,-0.003420005051254681,7.517914998190424e-08,8.678263192643096
3,10,-2.5,1.0,0.00017022966171271307,0.00017019077568405195,0.0002056952402207736,-5.857580856350874e-07,-0.0028476987848935673,7.237908495985186e-08,8.092919190122437
3,11,-2.5,1.5,0.00019287972708319933,0.0001919087823206648,0.0002324521635964752,3.5589345425898755e-07,0.0015310395427284556,6.237731693270794e-07,0.5705494749684762
3,12,-2.5,2.0,0.00022324722370638286,0.00022231365571723322,0.00026910603027806534,6.336661257776849e-08,0.00023547080127595885,1.628138307055031e-07,0.3891967427041608
3,13,-2.5,2.5,0.0001473941460397163,0.00014676264828830947,0.00017762323905598986,-1.7921824422428715e-08,-0.00010089797099567276,8.252498633731365e-08,0.21716846276320276
3,14,-2.5,3.0,1.3937301004071927e-05,1.3889443154003753e-05,1.6799189684497567e-05,-2.342253433676279e-08,-0.0013942657221364255,2.0683118579223392e-08,1.1324469396163108
3,15,-2.5,3.5,4.830311125825899e-07,4.833192629048514e-07,5.83267153896226e-07,-3.42364756064471e-09,-0.00586977603277458,2.3563867556029277e-10,14.529225953694104
3,16,-2.5,4.0,1.0945957369191887e-08,1.0944740500912395e-08,1.3209821008363593e-08,-7.399728363425176e-11,-0.005601687077167929,4.964690458978192e-12,14.904712437899203
4,5,-2.0,-1.5,0.0022479809883670424,0.0022474614628981197,0.002718706492893688,-5.663515062421035e-07,-0.00020831653130724693,3.794333612677321e-07,1.4926244343666977
4,6,-2.0,-1.0,0.0019142519230675066,0.0019130944810281094,0.0023141537633134318,-6.342505131503792e-07,-0.0002740744902975903,1.3314389900237786e-06,0.4763646835511794
4,7,-2.0,-0.5,0.0017148642196359626,0.0017114167599515252,0.0020711989295324014,1.4374324893945238e-06,0.0006940098649621463,2.0937343476987236e-06,0.6865400526931424
4,8,-2.0,0.0,0.0016430988527932843,0.0016411175123130495,0.001984884790495258,-1.0941109372789894e-06,-0.0005512213819755214,1.901988342970786e-06,0.5752458690519927
4,9,-2.0,0.5,0.0017127276458318717,0.001704116644427461,0.0020645833822724394,5.869767592209772e-06,0.0028430760620329386,4.993131441824795e-06,1.1755684104451698
4,10,-2.0,1.0,0.0019022468085010391,0.0018951150941962766,0.002294003335879526,2.5679916477363424e-06,0.0011194367538928485,2.7267187162074098e-06,0.9417882499109257
4,11,-2.0,1.5,0.0022216487568433286,0.0022163309700917295,0.002680416948876316,-1.821800210316353e-06,-0.0006796704561505208,1.4324973901633695e-06,1.2717651165204464
4,12,-2.0,2.0,0.001637404514811306,0.0016311762465605387,0.0019736963528799775,5.829959097828664e-07,0.00029538277705796573,5.153694506101189e-07,1.1312193788217135
4,13,-2.0,2.5,0.00022221124754413102,0.0002211210422019589,0.00026764219149646984,2.5778592528116154e-07,0.0009631737202561417,1.7535168152640893e-07,1.4701080881413593
4,14,-2.0,3.0,1.2196933905287495e-05,1.2201236657582502e-05,1.4726160508840893e-05,-6.99083636416875e-08,-0.004747222712920847,6.03065289534788e-09,11.592171669441576
4,15,-2.0,3.5,4.368940602640337e-07,4.3710061440639076e-07,5.27407045342857e-07,-2.798753271668058e-09,-0.005306628526072577,1.772199486416536e-10,15.792540812249406
4,16,-2.0,4.0,1.0763009937526564e-08,1.0760990178168705e-08,1.2985676684691616e-08,-6.604180011680666e-11,-0.0050857419078253465,5.603730619191866e-12,11.785327419313168
5,6,-1.5,-1.0,0.01402550231964134,0.014024062029309508,0.016956068306182123,-5.710040950943074e-06,-0.0003367550099371334,3.914983768486574e-06,1.4585094826971454
5,7,-1.5,-0.5,0.012115133538663352,0.012100565156430175,0.014635263199076987,4.746445349859338e-06,0.00032431568092049657,8.322606831989697e-06,0.5703075305222125
5,8,-1.5,0.0,0.011475175219575686,0.01145388948601319,0.013854611384794978,7.458019926884912e-06,0.0005383059632455563,6.000206303500577e-06,1.2429605832942499
5,9,-1.5,0.5,0.01209596291504247,0.012079819968124829,0.014604719284783371,-6.168179905532284e-06,-0.0004223415585918792,9.151869034968767e-06,0.6739803511134198
5,10,-1.5,1.0,0.013988403420474853,0.01396672975046734,0.01688413383876379,-1.091819134515018e-05,-0.0006466539207408687,5.752595848033041e-06,1.8979590490236486
5,11,-1.5,1.5,0.011439212238258292,0.011409867625743378,0.013797177779938139,-9.40272086299293e-07,-6.814959561269847e-05,5.143803325979892e-06,0.18279705243593694
5,12,-1.5,2.0,0.002213672469933275,0.00220659702927972,0.002668545853946315,3.3410454257061864e-07,0.00012520097493417103,1.5368244850316285e-06,0.2173992839291226
5,13,-1.5,2.5,0.00019170017278346196,0.00019067677431037464,0.0002307923343406319,4.240165184536324e-07,0.0018372209790461077,2.905332279430144e-07,1.4594424240410795
5,14,-1.5,3.0,1.0881698146060875e-05,1.0877978462159858e-05,1.313072674216118e-05,-4.744365307638842e-08,-0.0036131780066713725,2.2169011668986497e-07,0.21400887772890692
5,15,-1.5,3.5,4.100158991942042e-07,2.9329555620869403e-07,4.2416081243834843e-07,1.3897267313970373e-07,0.327641472442491,1.4123913901835154e-07,0.9839529899828027
5,16,-1.5,4.0,1.2276504098793045e-08,1.2284608608014796e-08,1.481475334365064e-08,-8.139091795957645e-11,-0.005493909758170848,3.049824195569553e-12,26.68708513684565
6,7,-1.0,-0.5,0.05768683946142242,0.057678550855514016,0.06970817672848667,-2.0616767564332616e-05,-0.0002957582385870587,1.5989636919616016e-05,1.289383096563003
6,8,-1.0,0.0,0.05346471522688259,0.05340108213311298,0.06455820004654886,2.014179760816137e-05,0.00031199441114588677,1.6956717685687926e-05,1.187835876111906
6,9,-1.0,0.5,0.057706161510888386,0.05760624308559839,0.0696455229149688,2.8878477718652373e-05,0.00041464944923897713,1.8388453614802253e-05,1.5704679862479523
6,10,-1.0,1.0,0.0510154390113633,0.05092726162868456,0.06155706078884997,-1.7153843735809304e-06,-2.7866573738225715e-05,1.2573664486614609e-05,0.13642676527650757
6,11,-1.0,1.5,0.013950689211873993,0.013920505194917006,0.01682603558049791,-5.265479253620253e-07,-3.129364150235821e-05,6.895882480412185e-06,0.07635685887305785
6,12,-1.0,2.0,0.0018936689560364885,0.0018888417898182443,0.002283026056883186,-1.9257337057409715e-07,-8.435005373394667e-05,2.2441891385696104e-06,0.08580977746681305
6,13,-1.0,2.5,0.00017012288469942064,0.00017020535502223293,0.00020536871608816326,-7.312796459143795e-07,-0.00356081325259124,7.179332923511423e-08,10.18589963309167
6,14,-1.0,3.0,1.0027233168392933e-05,1.0030494900579973e-05,1.210104102122311e-05,-4.6478263673882395e-08,-0.0038408483693566234,2.9574284116174883e-09,15.715769650181429
6,15,-1.0,3.5,4.128152462263635e-07,4.123452122889638e-07,4.977182223157565e-07,-1.4014827324395293e-09,-0.002815815595255456,5.983951040603067e-10,2.3420691829361737
6,16,-1.0,4.0,1.807565268231218e-08,1.8078580875963448e-08,2.180266749460909e-08,-9.934388904153626e-11,-0.0045565015870695615,3.4447200792070833e-12,28.839466417371003
7,8,-0.5,0.0,0.17292283772031572,0.1728270840954345,0.20882351583882608,2.3897314806148318e-05,0.00011443785298870609,3.968090336151619e-05,0.6022371665390234
7,9,-0.5,0.5,0.15267423587262985,0.1525986563760489,0.18433599142578433,-7.073770566559667e-05,-0.000383743321737993,3.694158142112592e-05,1.914853207262633
7,10,-0.5,1.0,0.05754953755391108,0.05746429095269172,0.0694346770041996,1.1388387977068204e-05,0.00016401585588681291,2.0298837571908952e-05,0.5610364601778136
7,11,-0.5,1.5,0.012070720096646167,0.012049029277828386,0.014558065418034831,5.937697973284334e-07,4.0786311936259e-05,5.924317461103271e-06,0.10022585744718972
7,12,-0.5,2.0,0.001702837868981034,0.001700882995842633,0.0020539485013351933,-2.1537548603447684e-06,-0.001048592434983007,1.6350994762012548e-06,1.3172011193768343
7,13,-0.5,2.5,0.00015782962533783816,0.0001576663891427543,0.00019034179383542346,-3.049128416641718e-07,-0.0016019227071475994,1.2429235334397608e-07,2.4531906707111166
7,14,-0.5,3.0,9.691571352478774e-06,9.690151519321707e-06,1.1690621978089848e-05,-3.424946101745585e-08,-0.0029296525951865507,3.34582777607686e-09,10.236468613938925
7,15,-0.5,3.5,4.6323512371213067e-07,4.6367255027359287e-07,5.589678844115358e-07,-2.4926916625811852e-09,-0.0044594541691879395,7.53348788274227e-10,3.308814856251974
7,16,-0.5,4.0,3.450456618316741e-08,3.425734459392708e-08,4.145716679586578e-08,1.3413916130399243e-10,0.0032356085008049596,2.954439138489921e-10,0.45402580664617753
8,9,0.0,0.5,0.17272639060537415,0.1726193828264994,0.20848777927756867,3.758241655582584e-05,0.00018026196396763746,3.3103729271628225e-05,1.1352925299578287
8,10,0.0,1.0,0.05337087039644742,0.053322788370695866,0.06439759015208568,1.442884257074617e-06,2.240587347549814e-05,1.7771976872617563e-05,0.08118873141781781
8,11,0.0,1.5,0.011454876967365718,0.01143077174412205,0.01381015795164356,1.0885498321629161e-05,0.0007882240275415291,6.1803177487990955e-06,1.7613169361307248
8,12,0.0,2.0,0.001641166601476439,0.0016371893676157881,0.0019778621180342962,1.3223009427904345e-06,0.0006685506187380781,2.5719796258041877e-06,0.514117969490908
8,13,0.0,2.5,0.00015454695126390622,0.00015465005546222945,0.0001865007041199721,-5.34170895742902e-07,-0.002864176295008949,5.346222279159377e-08,9.991557923530507
8,14,0.0,3.0,9.945451286703869e-06,9.941887924377101e-06,1.1992957752892334e-05,-2.7324272466090567e-08,-0.0022783597698825203,6.114625327469518e-09,4.4686748578589475
8,15,0.0,3.5,5.99752991338569e-07,5.985900823927498e-07,7.22495184759655e-07,-8.20253846832354e-10,-0.001135307008454623,9.302555140701715e-10,0.8817511258207712
8,16,0.0,4.0,7.380730513846425e-08,7.389076029455981e-08,8.902959638109912e-08,-4.136041398736599e-10,-0.004645692631281743,3.7732675210771454e-10,1.096143163884625
9,10,0.5,1.0,0.057635794554274825,0.05760474522133227,0.06954099403809455,6.9130084507790235e-06,9.94091117965912e-05,1.7028670098741666e-05,0.40596290906415883
9,11,0.5,1.5,0.012092334906910661,0.012088927896839345,0.014588787281707889,-8.711189286384965e-06,-0.0005971153817087638,7.7750423685231e-06,1.1204040921566953
9,12,0.5,2.0,0.0017103685605458431,0.0017072813017902217,0.0020614470160604326,1.0066026059104942e-06,0.0004882990433749693,2.2947364532194758e-06,0.4386571732445563
9,13,0.5,2.5,0.00016098460419097208,0.00016101920764060372,0.0001941827152319494,-3.830711382195686e-07,-0.001972735512334318,3.5553838669218315e-08,10.774396030300455
9,14,0.5,3.0,1.0904828025969696e-05,1.0897782799022014e-05,1.3145058780207073e-05,-2.038785059896116e-08,-0.0015509896866843825,4.2795514138716876e-09,4.764015810833869
9,15,0.5,3.5,8.738646191270141e-07,8.722246285778133e-07,1.0525064678182914e-06,-7.980566576401882e-10,-0.0007582439462766016,1.5571056990187257e-09,0.5125256802689223
9,16,0.5,4.0,1.616436642347465e-07,1.6128340660071406e-07,1.94610958327714e-07,-1.6444021484554814e-10,-0.0008449689383299783,4.126180949521961e-10,0.39852884993955334
10,11,1.0,1.5,0.014016668156207663,0.014009710196064309,0.016904866344331387,9.64877716839313e-07,5.707692076269269e-05,2.9252244999041984e-06,0.3298474072232449
10,12,1.0,2.0,0.0019124114541205683,0.0019128110396639149,0.00230677964670265,-2.509376193505098e-06,-0.0010878265711647159,8.94781483827199e-07,2.8044569974468883
10,13,1.0,2.5,0.00017710996405560054,0.00017637296283285134,0.0002131188489485259,6.077266061670149e-07,0.0028515854377282115,5.459878421259464e-07,1.1130771773244483
10,14,1.0,3.0,1.2652659028527935e-05,1.2651867789334951e-05,1.5253056269970094e-05,-2.585810600333848e-08,-0.0016952737566599942,3.7849410190081744e-09,6.831838560621606
10,15,1.0,3.5,1.3664398763928344e-06,1.3617580664847709e-06,1.64413846648647e-06,2.0303482719980726e-09,0.0012349010216499189,1.5828295809013572e-09,1.282733338128462
10,16,1.0,4.0,3.3838813489787076e-07,3.379455981420433e-07,4.075010155757382e-07,-5.411956831021849e-10,-0.0013280842560295368,5.45161286763789e-10,0.9927258157211696
11,12,1.5,2.0,0.0022472171490588696,0.0022455706758859966,0.002708755504727962,7.949867763868725e-07,0.00029348783048129413,8.296573143160254e-07,0.958211013956123
11,13,1.5,2.5,0.00020304914013359,0.0002031002806917446,0.0002448185945324718,-2.768254203150064e-07,-0.0011307369068254713,3.216768772452402e-08,8.605698447636945
11,14,1.5,3.0,1.5347899255734574e-05,1.533601924975668e-05,1.849157376198997e-05,-1.005963103554056e-08,-0.0005440116219971746,3.91776100871001e-09,2.567699002868188
11,15,1.5,3.5,2.1540065217807754e-06,2.1533427925197085e-06,2.5952419115352e-06,-3.762134902361921e-09,-0.00144962783070055,1.4671475861602928e-09,2.5642511618124897
11,16,1.5,4.0,6.634702695250842e-07,6.60841553364862e-07,7.977407718616913e-07,1.4141340429706415e-09,0.0017726736464408989,9.65613380598409e-10,1.4644930066050614
12,13,2.0,2.5,0.00023976861515155988,0.0002396221128274573,0.0002889034190095324,4.961891515579183e-08,0.00017174914483845084,5.746637191971604e-08,0.8634426273701848
12,14,2.0,3.0,1.917632427628888e-05,1.917251440669332e-05,2.3105740094925648e-05,-1.5716775133860943e-08,-0.0006802108510392434,2.917304001485707e-09,5.387431383858796
12,15,2.0,3.5,3.3561933293451888e-06,3.3496769462443215e-06,4.039495995750669e-06,2.525197503371568e-09,0.0006251268737555226,1.3421215499767388e-09,1.8814968759091408
12,16,2.0,4.0,1.2027668288313344e-06,1.2022819439153302e-06,1.448440869985859e-06,-1.9620449319627195e-09,-0.0013545909761451807,9.91412187860426e-10,1.9790405605130024
13,14,2.5,3.0,2.458714377027184e-05,2.4581004750789e-05,2.9618023370521115e-05,-5.619663860324868e-09,-0.0001897379777854498,4.5271038420815975e-09,1.2413375209305786
13,15,2.5,3.5,5.120329755622387e-06,5.116258091778822e-06,6.1649843120448226e-06,-5.141282403039237e-10,-8.339489839405543e-05,1.5751982522643142e-09,0.32638954465882325
13,16,2.5,4.0,2.0521143433275483e-06,2.0472343846719824e-06,2.4682888666448934e-06,2.622522793736307e-09,0.0010624861737925598,8.381756585877988e-10,3.128846282836306
14,15,3.0,3.5,7.772756014483929e-06,7.770118759862635e-06,9.358639282086294e-06,-9.368124156038988e-10,-0.00010010134885710202,1.352409929621984e-09,0.6926985635677416
14,16,3.0,4.0,3.3295958524978826e-06,3.326690509077711e-06,4.006986654011053e-06,-2.382183247574631e-11,-5.945074075028502e-06,1.1763505448170093e-09,0.020250623915383986
15,16,3.5,4.0,5.291432957965424e-06,5.289452094425673e-06,6.368138534249913e-06,-4.1412498937007706e-10,-6.503077581349379e-05,9.292271198216167e-10,0.445666060036621
